insert into HUNTERS (HUNTER_ID, NAME, SURNAME, EMAIL_ADRESS, GENDER, WEIGHT, HEIGHT, AGE, ADDRESS, CELL_MOBILE_PHONE_NUMBER, HOME_PHONE_NUMBER, EXPERIENCE_YEARS) values (1, 'Scotti', 'Nezey', 'snezey0@blog.com', 'Male', 61, 19, 67, 'Room 1464', '(717) 7350345', '+58 302 107 2095', 89);
insert into HUNTERS (HUNTER_ID, NAME, SURNAME, EMAIL_ADRESS, GENDER, WEIGHT, HEIGHT, AGE, ADDRESS, CELL_MOBILE_PHONE_NUMBER, HOME_PHONE_NUMBER, EXPERIENCE_YEARS) values (2, 'Tailor', 'Mc Dermid', 'tmcdermid1@guardian.co.uk', 'Male', 20, 194, 64, 'Room 125', '(601) 4740501', '+86 591 510 0651', 98);
insert into HUNTERS (HUNTER_ID, NAME, SURNAME, EMAIL_ADRESS, GENDER, WEIGHT, HEIGHT, AGE, ADDRESS, CELL_MOBILE_PHONE_NUMBER, HOME_PHONE_NUMBER, EXPERIENCE_YEARS) values (3, 'Kathleen', 'Thoms', 'kthoms2@scientificamerican.com', 'Female', 112, 19, 74, 'Room 1409', '(997) 6002090', '+51 749 464 4711', 54);
insert into HUNTERS (HUNTER_ID, NAME, SURNAME, EMAIL_ADRESS, GENDER, WEIGHT, HEIGHT, AGE, ADDRESS, CELL_MOBILE_PHONE_NUMBER, HOME_PHONE_NUMBER, EXPERIENCE_YEARS) values (4, 'Zandra', 'Rickasse', 'zrickasse3@chron.com', 'Female', 150, 225, 39, 'Suite 34', '(923) 7850673', '+225 269 921 0150', 78);
insert into HUNTERS (HUNTER_ID, NAME, SURNAME, EMAIL_ADRESS, GENDER, WEIGHT, HEIGHT, AGE, ADDRESS, CELL_MOBILE_PHONE_NUMBER, HOME_PHONE_NUMBER, EXPERIENCE_YEARS) values (5, 'Rhonda', 'Govier', 'rgovier4@angelfire.com', 'Female', 119, 228, 1, '18th Floor', '(369) 7849563', '+33 385 352 0680', 20);
insert into HUNTERS (HUNTER_ID, NAME, SURNAME, EMAIL_ADRESS, GENDER, WEIGHT, HEIGHT, AGE, ADDRESS, CELL_MOBILE_PHONE_NUMBER, HOME_PHONE_NUMBER, EXPERIENCE_YEARS) values (6, 'Leigh', 'Berfoot', 'lberfoot5@slate.com', 'Female', 6, 180, 2, 'Room 1172', '(210) 6744697', '+33 757 722 8417', 6);
insert into HUNTERS (HUNTER_ID, NAME, SURNAME, EMAIL_ADRESS, GENDER, WEIGHT, HEIGHT, AGE, ADDRESS, CELL_MOBILE_PHONE_NUMBER, HOME_PHONE_NUMBER, EXPERIENCE_YEARS) values (7, 'Viviana', 'New', 'vnew6@thetimes.co.uk', 'Female', 74, 211, 41, '11th Floor', '(477) 8676662', '+58 551 536 7185', 76);
insert into HUNTERS (HUNTER_ID, NAME, SURNAME, EMAIL_ADRESS, GENDER, WEIGHT, HEIGHT, AGE, ADDRESS, CELL_MOBILE_PHONE_NUMBER, HOME_PHONE_NUMBER, EXPERIENCE_YEARS) values (8, 'Carlo', 'Buntin', 'cbuntin7@ucla.edu', 'Male', 66, 147, 1, 'PO Box 33002', '(168) 7061171', '+55 952 538 4148', 37);
insert into HUNTERS (HUNTER_ID, NAME, SURNAME, EMAIL_ADRESS, GENDER, WEIGHT, HEIGHT, AGE, ADDRESS, CELL_MOBILE_PHONE_NUMBER, HOME_PHONE_NUMBER, EXPERIENCE_YEARS) values (9, 'Matti', 'Beardow', 'mbeardow8@addthis.com', 'Female', 5, 223, 58, 'PO Box 70210', '(502) 1210982', '+81 162 602 9612', 90);
insert into HUNTERS (HUNTER_ID, NAME, SURNAME, EMAIL_ADRESS, GENDER, WEIGHT, HEIGHT, AGE, ADDRESS, CELL_MOBILE_PHONE_NUMBER, HOME_PHONE_NUMBER, EXPERIENCE_YEARS) values (10, 'Goober', 'Cassie', 'gcassie9@oracle.com', 'Male', 102, 12, 55, 'PO Box 60140', '(808) 3677822', '+58 369 972 7520', 7);
insert into HUNTERS (HUNTER_ID, NAME, SURNAME, EMAIL_ADRESS, GENDER, WEIGHT, HEIGHT, AGE, ADDRESS, CELL_MOBILE_PHONE_NUMBER, HOME_PHONE_NUMBER, EXPERIENCE_YEARS) values (11, 'Bernie', 'Carruthers', 'bcarruthersa@bluehost.com', 'Male', 51, 160, 20, 'PO Box 56441', '(179) 8334653', '+62 446 128 8059', 82);
insert into HUNTERS (HUNTER_ID, NAME, SURNAME, EMAIL_ADRESS, GENDER, WEIGHT, HEIGHT, AGE, ADDRESS, CELL_MOBILE_PHONE_NUMBER, HOME_PHONE_NUMBER, EXPERIENCE_YEARS) values (12, 'Alayne', 'Hellard', 'ahellardb@arizona.edu', 'Female', 141, 65, 37, 'PO Box 98028', '(938) 1823371', '+63 868 400 9844', 80);
insert into HUNTERS (HUNTER_ID, NAME, SURNAME, EMAIL_ADRESS, GENDER, WEIGHT, HEIGHT, AGE, ADDRESS, CELL_MOBILE_PHONE_NUMBER, HOME_PHONE_NUMBER, EXPERIENCE_YEARS) values (13, 'Nanette', 'Mc-Kerley', 'nmckerleyc@eventbrite.com', 'Female', 71, 222, 68, '1st Floor', '(570) 5839646', '+86 619 609 0118', 91);
insert into HUNTERS (HUNTER_ID, NAME, SURNAME, EMAIL_ADRESS, GENDER, WEIGHT, HEIGHT, AGE, ADDRESS, CELL_MOBILE_PHONE_NUMBER, HOME_PHONE_NUMBER, EXPERIENCE_YEARS) values (14, 'Tyler', 'Itzakson', 'titzaksond@cafepress.com', 'Male', 19, 185, 14, 'Apt 959', '(534) 4824688', '+504 361 391 1279', 47);
insert into HUNTERS (HUNTER_ID, NAME, SURNAME, EMAIL_ADRESS, GENDER, WEIGHT, HEIGHT, AGE, ADDRESS, CELL_MOBILE_PHONE_NUMBER, HOME_PHONE_NUMBER, EXPERIENCE_YEARS) values (15, 'Winifield', 'Manifield', 'wmanifielde@si.edu', 'Male', 47, 84, 32, '9th Floor', '(619) 2695951', '+55 369 980 6904', 5);
insert into HUNTERS (HUNTER_ID, NAME, SURNAME, EMAIL_ADRESS, GENDER, WEIGHT, HEIGHT, AGE, ADDRESS, CELL_MOBILE_PHONE_NUMBER, HOME_PHONE_NUMBER, EXPERIENCE_YEARS) values (16, 'Shaylynn', 'Brabban', 'sbrabbanf@slideshare.net', 'Female', 37, 105, 60, 'PO Box 56324', '(885) 6145940', '+63 671 341 8556', 62);
insert into HUNTERS (HUNTER_ID, NAME, SURNAME, EMAIL_ADRESS, GENDER, WEIGHT, HEIGHT, AGE, ADDRESS, CELL_MOBILE_PHONE_NUMBER, HOME_PHONE_NUMBER, EXPERIENCE_YEARS) values (17, 'Donall', 'Adaway', 'dadawayg@msn.com', 'Male', 146, 31, 25, 'Room 1560', '(847) 8659925', '+353 443 163 7768', 96);
insert into HUNTERS (HUNTER_ID, NAME, SURNAME, EMAIL_ADRESS, GENDER, WEIGHT, HEIGHT, AGE, ADDRESS, CELL_MOBILE_PHONE_NUMBER, HOME_PHONE_NUMBER, EXPERIENCE_YEARS) values (18, 'Gerianne', 'Moralas', 'gmoralash@ameblo.jp', 'Female', 37, 38, 28, 'Room 1235', '(734) 9647695', '+62 645 572 8901', 39);
insert into HUNTERS (HUNTER_ID, NAME, SURNAME, EMAIL_ADRESS, GENDER, WEIGHT, HEIGHT, AGE, ADDRESS, CELL_MOBILE_PHONE_NUMBER, HOME_PHONE_NUMBER, EXPERIENCE_YEARS) values (19, 'Faulkner', 'Rollingson', 'frollingsoni@examiner.com', 'Male', 80, 194, 61, 'Apt 1816', '(843) 1530044', '+592 264 450 6386', 39);
insert into HUNTERS (HUNTER_ID, NAME, SURNAME, EMAIL_ADRESS, GENDER, WEIGHT, HEIGHT, AGE, ADDRESS, CELL_MOBILE_PHONE_NUMBER, HOME_PHONE_NUMBER, EXPERIENCE_YEARS) values (20, 'Joelle', 'Neary', 'jnearyj@last.fm', 'Genderfluid', 11, 136, 28, 'PO Box 78237', '(767) 9660000', '+63 972 200 3373', 20);
insert into HUNTERS (HUNTER_ID, NAME, SURNAME, EMAIL_ADRESS, GENDER, WEIGHT, HEIGHT, AGE, ADDRESS, CELL_MOBILE_PHONE_NUMBER, HOME_PHONE_NUMBER, EXPERIENCE_YEARS) values (21, 'Kissee', 'Bartrop', 'kbartropk@biglobe.ne.jp', 'Female', 5, 132, 3, '9th Floor', '(280) 8048949', '+7 988 598 5695', 47);
insert into HUNTERS (HUNTER_ID, NAME, SURNAME, EMAIL_ADRESS, GENDER, WEIGHT, HEIGHT, AGE, ADDRESS, CELL_MOBILE_PHONE_NUMBER, HOME_PHONE_NUMBER, EXPERIENCE_YEARS) values (22, 'Jorge', 'Lagden', 'jlagdenl@yandex.ru', 'Polygender', 42, 186, 92, 'PO Box 8817', '(360) 4393914', '+967 237 444 7950', 94);
insert into HUNTERS (HUNTER_ID, NAME, SURNAME, EMAIL_ADRESS, GENDER, WEIGHT, HEIGHT, AGE, ADDRESS, CELL_MOBILE_PHONE_NUMBER, HOME_PHONE_NUMBER, EXPERIENCE_YEARS) values (23, 'Cassandre', 'Troyes', 'ctroyesm@oracle.com', 'Female', 71, 236, 25, 'Suite 71', '(300) 2549581', '+62 816 711 8429', 34);
insert into HUNTERS (HUNTER_ID, NAME, SURNAME, EMAIL_ADRESS, GENDER, WEIGHT, HEIGHT, AGE, ADDRESS, CELL_MOBILE_PHONE_NUMBER, HOME_PHONE_NUMBER, EXPERIENCE_YEARS) values (24, 'Ashla', 'Eastope', 'aeastopen@imageshack.us', 'Female', 20, 169, 20, '16th Floor', '(304) 2888327', '+994 700 906 4656', 94);
insert into HUNTERS (HUNTER_ID, NAME, SURNAME, EMAIL_ADRESS, GENDER, WEIGHT, HEIGHT, AGE, ADDRESS, CELL_MOBILE_PHONE_NUMBER, HOME_PHONE_NUMBER, EXPERIENCE_YEARS) values (25, 'Kingston', 'Dami', 'kdamio@sciencedirect.com', 'Male', 138, 35, 54, 'PO Box 68153', '(211) 5639468', '+380 877 733 0886', 45);
insert into HUNTERS (HUNTER_ID, NAME, SURNAME, EMAIL_ADRESS, GENDER, WEIGHT, HEIGHT, AGE, ADDRESS, CELL_MOBILE_PHONE_NUMBER, HOME_PHONE_NUMBER, EXPERIENCE_YEARS) values (26, 'Obadias', 'Domingues', 'odominguesp@independent.co.uk', 'Male', 8, 217, 4, 'Room 1490', '(976) 5464170', '+62 799 523 6196', 29);
insert into HUNTERS (HUNTER_ID, NAME, SURNAME, EMAIL_ADRESS, GENDER, WEIGHT, HEIGHT, AGE, ADDRESS, CELL_MOBILE_PHONE_NUMBER, HOME_PHONE_NUMBER, EXPERIENCE_YEARS) values (27, 'Portie', 'Vivian', 'pvivianq@yandex.ru', 'Male', 149, 99, 40, 'Room 830', '(162) 5484259', '+47 572 941 6331', 61);
insert into HUNTERS (HUNTER_ID, NAME, SURNAME, EMAIL_ADRESS, GENDER, WEIGHT, HEIGHT, AGE, ADDRESS, CELL_MOBILE_PHONE_NUMBER, HOME_PHONE_NUMBER, EXPERIENCE_YEARS) values (28, 'Leann', 'Dobrovsky', 'ldobrovskyr@webs.com', 'Bigender', 100, 69, 83, 'PO Box 49210', '(370) 7135770', '+420 818 900 4658', 74);
insert into HUNTERS (HUNTER_ID, NAME, SURNAME, EMAIL_ADRESS, GENDER, WEIGHT, HEIGHT, AGE, ADDRESS, CELL_MOBILE_PHONE_NUMBER, HOME_PHONE_NUMBER, EXPERIENCE_YEARS) values (29, 'Estele', 'Minchell', 'eminchells@com.com', 'Female', 38, 221, 80, 'Apt 1890', '(954) 5474449', '+54 170 997 5209', 1);
insert into HUNTERS (HUNTER_ID, NAME, SURNAME, EMAIL_ADRESS, GENDER, WEIGHT, HEIGHT, AGE, ADDRESS, CELL_MOBILE_PHONE_NUMBER, HOME_PHONE_NUMBER, EXPERIENCE_YEARS) values (30, 'Ulla', 'Wandrey', 'uwandreyt@who.int', 'Female', 96, 165, 29, '4th Floor', '(842) 7985804', '+81 568 970 3568', 81);
insert into HUNTERS (HUNTER_ID, NAME, SURNAME, EMAIL_ADRESS, GENDER, WEIGHT, HEIGHT, AGE, ADDRESS, CELL_MOBILE_PHONE_NUMBER, HOME_PHONE_NUMBER, EXPERIENCE_YEARS) values (31, 'Nelli', 'McBeth', 'nmcbethu@hp.com', 'Female', 82, 122, 94, 'PO Box 34985', '(205) 2239992', '+420 701 611 6123', 40);
insert into HUNTERS (HUNTER_ID, NAME, SURNAME, EMAIL_ADRESS, GENDER, WEIGHT, HEIGHT, AGE, ADDRESS, CELL_MOBILE_PHONE_NUMBER, HOME_PHONE_NUMBER, EXPERIENCE_YEARS) values (32, 'Anjanette', 'Frape', 'afrapev@parallels.com', 'Female', 114, 237, 68, 'PO Box 56086', '(793) 6877864', '+27 643 275 0538', 30);
insert into HUNTERS (HUNTER_ID, NAME, SURNAME, EMAIL_ADRESS, GENDER, WEIGHT, HEIGHT, AGE, ADDRESS, CELL_MOBILE_PHONE_NUMBER, HOME_PHONE_NUMBER, EXPERIENCE_YEARS) values (33, 'Roselle', 'Goulding', 'rgouldingw@mysql.com', 'Agender', 135, 154, 73, 'Room 290', '(383) 3418156', '+86 912 600 6696', 81);
insert into HUNTERS (HUNTER_ID, NAME, SURNAME, EMAIL_ADRESS, GENDER, WEIGHT, HEIGHT, AGE, ADDRESS, CELL_MOBILE_PHONE_NUMBER, HOME_PHONE_NUMBER, EXPERIENCE_YEARS) values (34, 'Editha', 'Karpf', 'ekarpfx@bandcamp.com', 'Female', 145, 230, 2, 'Apt 222', '(280) 1869007', '+86 283 132 0328', 2);
insert into HUNTERS (HUNTER_ID, NAME, SURNAME, EMAIL_ADRESS, GENDER, WEIGHT, HEIGHT, AGE, ADDRESS, CELL_MOBILE_PHONE_NUMBER, HOME_PHONE_NUMBER, EXPERIENCE_YEARS) values (35, 'Nefen', 'Etchells', 'netchellsy@ycombinator.com', 'Agender', 15, 181, 14, 'Room 1051', '(156) 9067370', '+62 977 144 8353', 77);
insert into HUNTERS (HUNTER_ID, NAME, SURNAME, EMAIL_ADRESS, GENDER, WEIGHT, HEIGHT, AGE, ADDRESS, CELL_MOBILE_PHONE_NUMBER, HOME_PHONE_NUMBER, EXPERIENCE_YEARS) values (36, 'Rosanna', 'Brownett', 'rbrownettz@house.gov', 'Female', 3, 248, 8, 'Apt 533', '(142) 3218832', '+233 362 376 4793', 53);
insert into HUNTERS (HUNTER_ID, NAME, SURNAME, EMAIL_ADRESS, GENDER, WEIGHT, HEIGHT, AGE, ADDRESS, CELL_MOBILE_PHONE_NUMBER, HOME_PHONE_NUMBER, EXPERIENCE_YEARS) values (37, 'Sheilah', 'Dirand', 'sdirand10@jimdo.com', 'Female', 10, 109, 84, 'Apt 966', '(584) 5419783', '+55 227 269 1791', 92);
insert into HUNTERS (HUNTER_ID, NAME, SURNAME, EMAIL_ADRESS, GENDER, WEIGHT, HEIGHT, AGE, ADDRESS, CELL_MOBILE_PHONE_NUMBER, HOME_PHONE_NUMBER, EXPERIENCE_YEARS) values (38, 'Ronnica', 'Stanesby', 'rstanesby11@moonfruit.com', 'Female', 64, 244, 3, 'Apt 1086', '(657) 9142769', '+62 549 119 1979', 20);
insert into HUNTERS (HUNTER_ID, NAME, SURNAME, EMAIL_ADRESS, GENDER, WEIGHT, HEIGHT, AGE, ADDRESS, CELL_MOBILE_PHONE_NUMBER, HOME_PHONE_NUMBER, EXPERIENCE_YEARS) values (39, 'Danya', 'Soots', 'dsoots12@alexa.com', 'Male', 66, 204, 12, 'Apt 231', '(304) 9888181', '+62 653 604 9344', 59);
insert into HUNTERS (HUNTER_ID, NAME, SURNAME, EMAIL_ADRESS, GENDER, WEIGHT, HEIGHT, AGE, ADDRESS, CELL_MOBILE_PHONE_NUMBER, HOME_PHONE_NUMBER, EXPERIENCE_YEARS) values (40, 'Georges', 'Tattersall', 'gtattersall13@rambler.ru', 'Male', 73, 6, 92, '1st Floor', '(480) 5123430', '+52 611 109 1736', 59);
insert into HUNTERS (HUNTER_ID, NAME, SURNAME, EMAIL_ADRESS, GENDER, WEIGHT, HEIGHT, AGE, ADDRESS, CELL_MOBILE_PHONE_NUMBER, HOME_PHONE_NUMBER, EXPERIENCE_YEARS) values (41, 'Angelle', 'Heifer', 'aheifer14@theglobeandmail.com', 'Female', 7, 95, 48, '19th Floor', '(381) 2752097', '+62 275 352 8756', 35);
insert into HUNTERS (HUNTER_ID, NAME, SURNAME, EMAIL_ADRESS, GENDER, WEIGHT, HEIGHT, AGE, ADDRESS, CELL_MOBILE_PHONE_NUMBER, HOME_PHONE_NUMBER, EXPERIENCE_YEARS) values (42, 'Eloise', 'Joslin', 'ejoslin15@bluehost.com', 'Polygender', 129, 174, 37, 'Room 625', '(378) 2469401', '+62 941 124 1301', 66);
insert into HUNTERS (HUNTER_ID, NAME, SURNAME, EMAIL_ADRESS, GENDER, WEIGHT, HEIGHT, AGE, ADDRESS, CELL_MOBILE_PHONE_NUMBER, HOME_PHONE_NUMBER, EXPERIENCE_YEARS) values (43, 'Kellina', 'Bartaletti', 'kbartaletti16@hugedomains.com', 'Female', 140, 104, 78, 'Suite 99', '(173) 3498689', '+30 481 330 6343', 6);
insert into HUNTERS (HUNTER_ID, NAME, SURNAME, EMAIL_ADRESS, GENDER, WEIGHT, HEIGHT, AGE, ADDRESS, CELL_MOBILE_PHONE_NUMBER, HOME_PHONE_NUMBER, EXPERIENCE_YEARS) values (44, 'Quinn', 'Scholig', 'qscholig17@typepad.com', 'Non-binary', 39, 151, 63, 'Suite 84', '(199) 1982062', '+7 419 831 3930', 73);
insert into HUNTERS (HUNTER_ID, NAME, SURNAME, EMAIL_ADRESS, GENDER, WEIGHT, HEIGHT, AGE, ADDRESS, CELL_MOBILE_PHONE_NUMBER, HOME_PHONE_NUMBER, EXPERIENCE_YEARS) values (45, 'Laurie', 'Monelle', 'lmonelle18@tamu.edu', 'Female', 84, 220, 30, 'Suite 84', '(954) 6478405', '+63 614 565 5020', 26);
insert into HUNTERS (HUNTER_ID, NAME, SURNAME, EMAIL_ADRESS, GENDER, WEIGHT, HEIGHT, AGE, ADDRESS, CELL_MOBILE_PHONE_NUMBER, HOME_PHONE_NUMBER, EXPERIENCE_YEARS) values (46, 'Rycca', 'Fillgate', 'rfillgate19@nyu.edu', 'Female', 54, 188, 79, 'Apt 193', '(216) 6519964', '+86 419 560 2183', 85);
insert into HUNTERS (HUNTER_ID, NAME, SURNAME, EMAIL_ADRESS, GENDER, WEIGHT, HEIGHT, AGE, ADDRESS, CELL_MOBILE_PHONE_NUMBER, HOME_PHONE_NUMBER, EXPERIENCE_YEARS) values (47, 'Malvin', 'Pavolini', 'mpavolini1a@1688.com', 'Genderqueer', 70, 29, 29, 'Room 32', '(236) 3375366', '+52 666 986 3571', 41);
insert into HUNTERS (HUNTER_ID, NAME, SURNAME, EMAIL_ADRESS, GENDER, WEIGHT, HEIGHT, AGE, ADDRESS, CELL_MOBILE_PHONE_NUMBER, HOME_PHONE_NUMBER, EXPERIENCE_YEARS) values (48, 'Noami', 'Van Leeuwen', 'nvanleeuwen1b@epa.gov', 'Non-binary', 79, 124, 72, 'Suite 44', '(598) 8357968', '+265 602 298 7590', 42);
insert into HUNTERS (HUNTER_ID, NAME, SURNAME, EMAIL_ADRESS, GENDER, WEIGHT, HEIGHT, AGE, ADDRESS, CELL_MOBILE_PHONE_NUMBER, HOME_PHONE_NUMBER, EXPERIENCE_YEARS) values (49, 'Cristina', 'Clampin', 'cclampin1c@jalbum.net', 'Female', 72, 76, 61, 'PO Box 60984', '(547) 8353494', '+7 487 362 4181', 98);
insert into HUNTERS (HUNTER_ID, NAME, SURNAME, EMAIL_ADRESS, GENDER, WEIGHT, HEIGHT, AGE, ADDRESS, CELL_MOBILE_PHONE_NUMBER, HOME_PHONE_NUMBER, EXPERIENCE_YEARS) values (50, 'Padriac', 'Camamile', 'pcamamile1d@hibu.com', 'Male', 60, 53, 10, 'Apt 1925', '(222) 4672749', '+62 295 246 2027', 60);
insert into HUNTERS (HUNTER_ID, NAME, SURNAME, EMAIL_ADRESS, GENDER, WEIGHT, HEIGHT, AGE, ADDRESS, CELL_MOBILE_PHONE_NUMBER, HOME_PHONE_NUMBER, EXPERIENCE_YEARS) values (51, 'Garrik', 'Normanville', 'gnormanville1e@dyndns.org', 'Male', 73, 102, 46, 'Suite 82', '(435) 3573747', '+62 734 401 0752', 84);
insert into HUNTERS (HUNTER_ID, NAME, SURNAME, EMAIL_ADRESS, GENDER, WEIGHT, HEIGHT, AGE, ADDRESS, CELL_MOBILE_PHONE_NUMBER, HOME_PHONE_NUMBER, EXPERIENCE_YEARS) values (52, 'Lawrence', 'Rowena', 'lrowena1f@mlb.com', 'Male', 129, 165, 94, 'Suite 13', '(473) 6887834', '+55 983 603 3785', 96);
insert into HUNTERS (HUNTER_ID, NAME, SURNAME, EMAIL_ADRESS, GENDER, WEIGHT, HEIGHT, AGE, ADDRESS, CELL_MOBILE_PHONE_NUMBER, HOME_PHONE_NUMBER, EXPERIENCE_YEARS) values (53, 'Ariel', 'Vallentin', 'avallentin1g@prnewswire.com', 'Male', 131, 1, 17, 'Room 33', '(863) 6284102', '+46 490 864 8979', 39);
insert into HUNTERS (HUNTER_ID, NAME, SURNAME, EMAIL_ADRESS, GENDER, WEIGHT, HEIGHT, AGE, ADDRESS, CELL_MOBILE_PHONE_NUMBER, HOME_PHONE_NUMBER, EXPERIENCE_YEARS) values (54, 'Felic', 'Tipler', 'ftipler1h@europa.eu', 'Male', 63, 223, 28, 'Suite 84', '(624) 6935974', '+351 475 835 1703', 65);
insert into HUNTERS (HUNTER_ID, NAME, SURNAME, EMAIL_ADRESS, GENDER, WEIGHT, HEIGHT, AGE, ADDRESS, CELL_MOBILE_PHONE_NUMBER, HOME_PHONE_NUMBER, EXPERIENCE_YEARS) values (55, 'Querida', 'Manz', 'qmanz1i@uiuc.edu', 'Female', 87, 95, 93, 'Room 1414', '(490) 3461984', '+62 524 788 5971', 53);
insert into HUNTERS (HUNTER_ID, NAME, SURNAME, EMAIL_ADRESS, GENDER, WEIGHT, HEIGHT, AGE, ADDRESS, CELL_MOBILE_PHONE_NUMBER, HOME_PHONE_NUMBER, EXPERIENCE_YEARS) values (56, 'Chevalier', 'Drissell', 'cdrissell1j@pcworld.com', 'Male', 41, 92, 38, '17th Floor', '(831) 1328206', '+380 886 440 9955', 87);
insert into HUNTERS (HUNTER_ID, NAME, SURNAME, EMAIL_ADRESS, GENDER, WEIGHT, HEIGHT, AGE, ADDRESS, CELL_MOBILE_PHONE_NUMBER, HOME_PHONE_NUMBER, EXPERIENCE_YEARS) values (57, 'Samuel', 'Peplaw', 'speplaw1k@yandex.ru', 'Genderfluid', 93, 227, 40, 'Suite 95', '(808) 3244072', '+356 427 431 4633', 22);
insert into HUNTERS (HUNTER_ID, NAME, SURNAME, EMAIL_ADRESS, GENDER, WEIGHT, HEIGHT, AGE, ADDRESS, CELL_MOBILE_PHONE_NUMBER, HOME_PHONE_NUMBER, EXPERIENCE_YEARS) values (58, 'Gaylord', 'Hilary', 'ghilary1l@taobao.com', 'Male', 61, 40, 67, 'Apt 1034', '(739) 2009652', '+86 626 685 0240', 8);
insert into HUNTERS (HUNTER_ID, NAME, SURNAME, EMAIL_ADRESS, GENDER, WEIGHT, HEIGHT, AGE, ADDRESS, CELL_MOBILE_PHONE_NUMBER, HOME_PHONE_NUMBER, EXPERIENCE_YEARS) values (59, 'Casandra', 'Shinn', 'cshinn1m@columbia.edu', 'Female', 28, 216, 3, 'Room 1396', '(915) 4911388', '+55 975 657 3807', 71);
insert into HUNTERS (HUNTER_ID, NAME, SURNAME, EMAIL_ADRESS, GENDER, WEIGHT, HEIGHT, AGE, ADDRESS, CELL_MOBILE_PHONE_NUMBER, HOME_PHONE_NUMBER, EXPERIENCE_YEARS) values (60, 'Lanny', 'Studholme', 'lstudholme1n@businessinsider.com', 'Female', 147, 66, 34, 'Suite 21', '(347) 3019135', '+420 110 722 4590', 56);
insert into HUNTERS (HUNTER_ID, NAME, SURNAME, EMAIL_ADRESS, GENDER, WEIGHT, HEIGHT, AGE, ADDRESS, CELL_MOBILE_PHONE_NUMBER, HOME_PHONE_NUMBER, EXPERIENCE_YEARS) values (61, 'Bird', 'Baigrie', 'bbaigrie1o@marriott.com', 'Female', 46, 150, 59, 'Apt 1062', '(350) 7078773', '+7 887 111 9771', 12);
insert into HUNTERS (HUNTER_ID, NAME, SURNAME, EMAIL_ADRESS, GENDER, WEIGHT, HEIGHT, AGE, ADDRESS, CELL_MOBILE_PHONE_NUMBER, HOME_PHONE_NUMBER, EXPERIENCE_YEARS) values (62, 'Fabien', 'De Mico', 'fdemico1p@sciencedirect.com', 'Bigender', 9, 33, 83, 'Apt 1208', '(523) 7963678', '+33 754 438 0308', 54);
insert into HUNTERS (HUNTER_ID, NAME, SURNAME, EMAIL_ADRESS, GENDER, WEIGHT, HEIGHT, AGE, ADDRESS, CELL_MOBILE_PHONE_NUMBER, HOME_PHONE_NUMBER, EXPERIENCE_YEARS) values (63, 'Kayle', 'Harby', 'kharby1q@qq.com', 'Female', 95, 136, 5, 'Apt 1025', '(897) 1059433', '+1 732 146 8827', 99);
insert into HUNTERS (HUNTER_ID, NAME, SURNAME, EMAIL_ADRESS, GENDER, WEIGHT, HEIGHT, AGE, ADDRESS, CELL_MOBILE_PHONE_NUMBER, HOME_PHONE_NUMBER, EXPERIENCE_YEARS) values (64, 'Lydia', 'Schrir', 'lschrir1r@tinypic.com', 'Female', 92, 224, 36, 'Suite 11', '(408) 4649297', '+62 983 251 7552', 17);
insert into HUNTERS (HUNTER_ID, NAME, SURNAME, EMAIL_ADRESS, GENDER, WEIGHT, HEIGHT, AGE, ADDRESS, CELL_MOBILE_PHONE_NUMBER, HOME_PHONE_NUMBER, EXPERIENCE_YEARS) values (65, 'Samson', 'Broadbridge', 'sbroadbridge1s@slate.com', 'Male', 39, 73, 63, 'Suite 39', '(228) 7147182', '+62 939 105 7975', 1);
insert into HUNTERS (HUNTER_ID, NAME, SURNAME, EMAIL_ADRESS, GENDER, WEIGHT, HEIGHT, AGE, ADDRESS, CELL_MOBILE_PHONE_NUMBER, HOME_PHONE_NUMBER, EXPERIENCE_YEARS) values (66, 'Marci', 'Lenaghen', 'mlenaghen1t@blogger.com', 'Female', 51, 244, 3, '19th Floor', '(444) 7286497', '+46 695 938 0687', 82);
insert into HUNTERS (HUNTER_ID, NAME, SURNAME, EMAIL_ADRESS, GENDER, WEIGHT, HEIGHT, AGE, ADDRESS, CELL_MOBILE_PHONE_NUMBER, HOME_PHONE_NUMBER, EXPERIENCE_YEARS) values (67, 'Sandro', 'Cutforth', 'scutforth1u@taobao.com', 'Male', 98, 235, 4, 'Suite 7', '(254) 3930590', '+62 102 253 8580', 73);
insert into HUNTERS (HUNTER_ID, NAME, SURNAME, EMAIL_ADRESS, GENDER, WEIGHT, HEIGHT, AGE, ADDRESS, CELL_MOBILE_PHONE_NUMBER, HOME_PHONE_NUMBER, EXPERIENCE_YEARS) values (68, 'Vickie', 'Kristoffersen', 'vkristoffersen1v@flavors.me', 'Female', 22, 207, 81, 'Apt 150', '(591) 7387984', '+64 308 854 9414', 56);
insert into HUNTERS (HUNTER_ID, NAME, SURNAME, EMAIL_ADRESS, GENDER, WEIGHT, HEIGHT, AGE, ADDRESS, CELL_MOBILE_PHONE_NUMBER, HOME_PHONE_NUMBER, EXPERIENCE_YEARS) values (69, 'Vincenz', 'McCrae', 'vmccrae1w@state.tx.us', 'Male', 136, 221, 1, '9th Floor', '(467) 5926379', '+380 230 986 6055', 13);
insert into HUNTERS (HUNTER_ID, NAME, SURNAME, EMAIL_ADRESS, GENDER, WEIGHT, HEIGHT, AGE, ADDRESS, CELL_MOBILE_PHONE_NUMBER, HOME_PHONE_NUMBER, EXPERIENCE_YEARS) values (70, 'Dewain', 'Fanshawe', 'dfanshawe1x@mtv.com', 'Male', 34, 64, 23, 'PO Box 40725', '(369) 1591776', '+505 309 412 1435', 96);
insert into HUNTERS (HUNTER_ID, NAME, SURNAME, EMAIL_ADRESS, GENDER, WEIGHT, HEIGHT, AGE, ADDRESS, CELL_MOBILE_PHONE_NUMBER, HOME_PHONE_NUMBER, EXPERIENCE_YEARS) values (71, 'Zacharias', 'Siggins', 'zsiggins1y@163.com', 'Male', 18, 83, 47, 'Suite 30', '(541) 3061502', '+45 297 545 9428', 82);
insert into HUNTERS (HUNTER_ID, NAME, SURNAME, EMAIL_ADRESS, GENDER, WEIGHT, HEIGHT, AGE, ADDRESS, CELL_MOBILE_PHONE_NUMBER, HOME_PHONE_NUMBER, EXPERIENCE_YEARS) values (72, 'Valina', 'Bardnam', 'vbardnam1z@exblog.jp', 'Female', 89, 139, 58, 'Suite 23', '(297) 2291708', '+82 206 560 1818', 1);
insert into HUNTERS (HUNTER_ID, NAME, SURNAME, EMAIL_ADRESS, GENDER, WEIGHT, HEIGHT, AGE, ADDRESS, CELL_MOBILE_PHONE_NUMBER, HOME_PHONE_NUMBER, EXPERIENCE_YEARS) values (73, 'Sherm', 'Blower', 'sblower20@amazon.com', 'Male', 9, 144, 62, '20th Floor', '(173) 7170926', '+86 162 152 3558', 5);
insert into HUNTERS (HUNTER_ID, NAME, SURNAME, EMAIL_ADRESS, GENDER, WEIGHT, HEIGHT, AGE, ADDRESS, CELL_MOBILE_PHONE_NUMBER, HOME_PHONE_NUMBER, EXPERIENCE_YEARS) values (74, 'Kristal', 'Brazenor', 'kbrazenor21@theglobeandmail.com', 'Female', 117, 1, 88, '8th Floor', '(551) 5188363', '+86 590 711 7892', 73);
insert into HUNTERS (HUNTER_ID, NAME, SURNAME, EMAIL_ADRESS, GENDER, WEIGHT, HEIGHT, AGE, ADDRESS, CELL_MOBILE_PHONE_NUMBER, HOME_PHONE_NUMBER, EXPERIENCE_YEARS) values (75, 'Gran', 'Peppin', 'gpeppin22@smh.com.au', 'Male', 127, 43, 97, 'Suite 70', '(842) 8231139', '+1 210 329 1573', 11);
insert into HUNTERS (HUNTER_ID, NAME, SURNAME, EMAIL_ADRESS, GENDER, WEIGHT, HEIGHT, AGE, ADDRESS, CELL_MOBILE_PHONE_NUMBER, HOME_PHONE_NUMBER, EXPERIENCE_YEARS) values (76, 'Eryn', 'Boarleyson', 'eboarleyson23@wordpress.com', 'Female', 16, 96, 51, 'PO Box 61367', '(926) 3546062', '+62 815 992 1792', 100);
insert into HUNTERS (HUNTER_ID, NAME, SURNAME, EMAIL_ADRESS, GENDER, WEIGHT, HEIGHT, AGE, ADDRESS, CELL_MOBILE_PHONE_NUMBER, HOME_PHONE_NUMBER, EXPERIENCE_YEARS) values (77, 'Clea', 'Aslam', 'caslam24@w3.org', 'Non-binary', 33, 204, 100, 'Room 20', '(635) 3542488', '+82 377 756 4140', 18);
insert into HUNTERS (HUNTER_ID, NAME, SURNAME, EMAIL_ADRESS, GENDER, WEIGHT, HEIGHT, AGE, ADDRESS, CELL_MOBILE_PHONE_NUMBER, HOME_PHONE_NUMBER, EXPERIENCE_YEARS) values (78, 'Neila', 'Mazey', 'nmazey25@ow.ly', 'Female', 27, 57, 84, 'Room 1360', '(635) 3523363', '+81 211 760 3584', 70);
insert into HUNTERS (HUNTER_ID, NAME, SURNAME, EMAIL_ADRESS, GENDER, WEIGHT, HEIGHT, AGE, ADDRESS, CELL_MOBILE_PHONE_NUMBER, HOME_PHONE_NUMBER, EXPERIENCE_YEARS) values (79, 'Delaney', 'Pieper', 'dpieper26@ask.com', 'Male', 58, 90, 34, 'Suite 40', '(229) 8126342', '+7 716 104 0412', 96);
insert into HUNTERS (HUNTER_ID, NAME, SURNAME, EMAIL_ADRESS, GENDER, WEIGHT, HEIGHT, AGE, ADDRESS, CELL_MOBILE_PHONE_NUMBER, HOME_PHONE_NUMBER, EXPERIENCE_YEARS) values (80, 'Bartholomew', 'Escott', 'bescott27@xinhuanet.com', 'Male', 142, 193, 79, 'PO Box 81739', '(380) 9203082', '+86 823 859 0653', 58);
insert into HUNTERS (HUNTER_ID, NAME, SURNAME, EMAIL_ADRESS, GENDER, WEIGHT, HEIGHT, AGE, ADDRESS, CELL_MOBILE_PHONE_NUMBER, HOME_PHONE_NUMBER, EXPERIENCE_YEARS) values (81, 'Price', 'Hurler', 'phurler28@nhs.uk', 'Male', 62, 141, 40, 'Room 1219', '(772) 1097757', '+351 915 421 6715', 27);
insert into HUNTERS (HUNTER_ID, NAME, SURNAME, EMAIL_ADRESS, GENDER, WEIGHT, HEIGHT, AGE, ADDRESS, CELL_MOBILE_PHONE_NUMBER, HOME_PHONE_NUMBER, EXPERIENCE_YEARS) values (82, 'Carla', 'Folkerd', 'cfolkerd29@foxnews.com', 'Female', 7, 140, 1, '9th Floor', '(974) 3415061', '+63 356 334 1376', 31);
insert into HUNTERS (HUNTER_ID, NAME, SURNAME, EMAIL_ADRESS, GENDER, WEIGHT, HEIGHT, AGE, ADDRESS, CELL_MOBILE_PHONE_NUMBER, HOME_PHONE_NUMBER, EXPERIENCE_YEARS) values (83, 'Jaquenette', 'Dashkovich', 'jdashkovich2a@t-online.de', 'Non-binary', 69, 27, 1, 'Room 898', '(763) 4890418', '+86 381 684 3097', 81);
insert into HUNTERS (HUNTER_ID, NAME, SURNAME, EMAIL_ADRESS, GENDER, WEIGHT, HEIGHT, AGE, ADDRESS, CELL_MOBILE_PHONE_NUMBER, HOME_PHONE_NUMBER, EXPERIENCE_YEARS) values (84, 'Beatrisa', 'Jeafferson', 'bjeafferson2b@soundcloud.com', 'Female', 90, 200, 65, '3rd Floor', '(546) 4540992', '+47 851 761 5879', 88);
insert into HUNTERS (HUNTER_ID, NAME, SURNAME, EMAIL_ADRESS, GENDER, WEIGHT, HEIGHT, AGE, ADDRESS, CELL_MOBILE_PHONE_NUMBER, HOME_PHONE_NUMBER, EXPERIENCE_YEARS) values (85, 'Koren', 'Stilgo', 'kstilgo2c@infoseek.co.jp', 'Female', 27, 56, 64, 'Room 575', '(700) 9952628', '+62 647 459 8380', 86);
insert into HUNTERS (HUNTER_ID, NAME, SURNAME, EMAIL_ADRESS, GENDER, WEIGHT, HEIGHT, AGE, ADDRESS, CELL_MOBILE_PHONE_NUMBER, HOME_PHONE_NUMBER, EXPERIENCE_YEARS) values (86, 'Sigvard', 'Raxworthy', 'sraxworthy2d@wisc.edu', 'Male', 70, 189, 36, '19th Floor', '(910) 6529919', '+86 757 878 4478', 28);
insert into HUNTERS (HUNTER_ID, NAME, SURNAME, EMAIL_ADRESS, GENDER, WEIGHT, HEIGHT, AGE, ADDRESS, CELL_MOBILE_PHONE_NUMBER, HOME_PHONE_NUMBER, EXPERIENCE_YEARS) values (87, 'Horten', 'Bavin', 'hbavin2e@latimes.com', 'Male', 114, 210, 94, 'Apt 413', '(936) 9428162', '+33 996 765 5309', 72);
insert into HUNTERS (HUNTER_ID, NAME, SURNAME, EMAIL_ADRESS, GENDER, WEIGHT, HEIGHT, AGE, ADDRESS, CELL_MOBILE_PHONE_NUMBER, HOME_PHONE_NUMBER, EXPERIENCE_YEARS) values (88, 'Corena', 'Goudge', 'cgoudge2f@eepurl.com', 'Female', 94, 63, 15, '13th Floor', '(726) 1170952', '+63 766 762 6327', 66);
insert into HUNTERS (HUNTER_ID, NAME, SURNAME, EMAIL_ADRESS, GENDER, WEIGHT, HEIGHT, AGE, ADDRESS, CELL_MOBILE_PHONE_NUMBER, HOME_PHONE_NUMBER, EXPERIENCE_YEARS) values (89, 'Rickey', 'Kehri', 'rkehri2g@tumblr.com', 'Male', 29, 208, 58, 'Room 418', '(388) 9377162', '+86 303 599 9766', 26);
insert into HUNTERS (HUNTER_ID, NAME, SURNAME, EMAIL_ADRESS, GENDER, WEIGHT, HEIGHT, AGE, ADDRESS, CELL_MOBILE_PHONE_NUMBER, HOME_PHONE_NUMBER, EXPERIENCE_YEARS) values (90, 'Tucky', 'Thorogood', 'tthorogood2h@mayoclinic.com', 'Polygender', 6, 237, 74, 'Suite 66', '(207) 2150657', '+502 900 207 1720', 29);
insert into HUNTERS (HUNTER_ID, NAME, SURNAME, EMAIL_ADRESS, GENDER, WEIGHT, HEIGHT, AGE, ADDRESS, CELL_MOBILE_PHONE_NUMBER, HOME_PHONE_NUMBER, EXPERIENCE_YEARS) values (91, 'Layne', 'Cairns', 'lcairns2i@i2i.jp', 'Non-binary', 74, 36, 77, 'Room 118', '(116) 3794908', '+63 315 605 4185', 39);
insert into HUNTERS (HUNTER_ID, NAME, SURNAME, EMAIL_ADRESS, GENDER, WEIGHT, HEIGHT, AGE, ADDRESS, CELL_MOBILE_PHONE_NUMBER, HOME_PHONE_NUMBER, EXPERIENCE_YEARS) values (92, 'Kelci', 'Culligan', 'kculligan2j@springer.com', 'Female', 9, 148, 97, 'PO Box 65276', '(419) 6037468', '+92 456 941 7032', 93);
insert into HUNTERS (HUNTER_ID, NAME, SURNAME, EMAIL_ADRESS, GENDER, WEIGHT, HEIGHT, AGE, ADDRESS, CELL_MOBILE_PHONE_NUMBER, HOME_PHONE_NUMBER, EXPERIENCE_YEARS) values (93, 'Mortie', 'Corby', 'mcorby2k@google.com.br', 'Male', 6, 58, 36, '16th Floor', '(445) 9419252', '+383 648 165 3437', 52);
insert into HUNTERS (HUNTER_ID, NAME, SURNAME, EMAIL_ADRESS, GENDER, WEIGHT, HEIGHT, AGE, ADDRESS, CELL_MOBILE_PHONE_NUMBER, HOME_PHONE_NUMBER, EXPERIENCE_YEARS) values (94, 'Colby', 'Hutable', 'chutable2l@sbwire.com', 'Polygender', 72, 169, 27, 'Apt 1622', '(498) 4674597', '+57 432 375 6220', 28);
insert into HUNTERS (HUNTER_ID, NAME, SURNAME, EMAIL_ADRESS, GENDER, WEIGHT, HEIGHT, AGE, ADDRESS, CELL_MOBILE_PHONE_NUMBER, HOME_PHONE_NUMBER, EXPERIENCE_YEARS) values (95, 'Orelle', 'Crosbie', 'ocrosbie2m@springer.com', 'Female', 19, 41, 50, 'Suite 95', '(163) 8063228', '+86 806 665 2511', 9);
insert into HUNTERS (HUNTER_ID, NAME, SURNAME, EMAIL_ADRESS, GENDER, WEIGHT, HEIGHT, AGE, ADDRESS, CELL_MOBILE_PHONE_NUMBER, HOME_PHONE_NUMBER, EXPERIENCE_YEARS) values (96, 'Shelby', 'Haccleton', 'shaccleton2n@psu.edu', 'Genderqueer', 38, 44, 1, 'Suite 14', '(417) 7048986', '+30 821 635 1096', 77);
insert into HUNTERS (HUNTER_ID, NAME, SURNAME, EMAIL_ADRESS, GENDER, WEIGHT, HEIGHT, AGE, ADDRESS, CELL_MOBILE_PHONE_NUMBER, HOME_PHONE_NUMBER, EXPERIENCE_YEARS) values (97, 'Wesley', 'MacCard', 'wmaccard2o@narod.ru', 'Male', 106, 127, 44, 'Suite 22', '(747) 5624598', '+86 914 339 6839', 78);
insert into HUNTERS (HUNTER_ID, NAME, SURNAME, EMAIL_ADRESS, GENDER, WEIGHT, HEIGHT, AGE, ADDRESS, CELL_MOBILE_PHONE_NUMBER, HOME_PHONE_NUMBER, EXPERIENCE_YEARS) values (98, 'Banky', 'McGragh', 'bmcgragh2p@house.gov', 'Male', 4, 50, 58, 'Room 1731', '(793) 9670224', '+62 411 558 6530', 97);
insert into HUNTERS (HUNTER_ID, NAME, SURNAME, EMAIL_ADRESS, GENDER, WEIGHT, HEIGHT, AGE, ADDRESS, CELL_MOBILE_PHONE_NUMBER, HOME_PHONE_NUMBER, EXPERIENCE_YEARS) values (99, 'Garwood', 'Davidesco', 'gdavidesco2q@theguardian.com', 'Male', 72, 48, 75, 'Room 543', '(171) 6005761', '+375 488 215 9596', 86);
insert into HUNTERS (HUNTER_ID, NAME, SURNAME, EMAIL_ADRESS, GENDER, WEIGHT, HEIGHT, AGE, ADDRESS, CELL_MOBILE_PHONE_NUMBER, HOME_PHONE_NUMBER, EXPERIENCE_YEARS) values (100, 'Hayden', 'Elward', 'helward2r@hibu.com', 'Male', 80, 16, 59, 'Suite 83', '(574) 4545860', '+62 270 581 2984', 1);


-----------------------------------------------------------------------------------------------------------------------------------------------

insert into SPECIES (SPECIE_ID, SPECIE_NAME, SPECIE_DESCRIPTION, PRICE_PER_KG, AVERAGE_LIFESPAN, POPULATION_STATUS, DIET, MAIN_PREDATOR) values (1, 'Zebra, plains', 'This animal is an amphibian and has smooth skin. It can breathe through its skin and lays eggs in water.', 539.74, 2, 9413, 'deposit feeders', 'harpy eagle');
insert into SPECIES (SPECIE_ID, SPECIE_NAME, SPECIE_DESCRIPTION, PRICE_PER_KG, AVERAGE_LIFESPAN, POPULATION_STATUS, DIET, MAIN_PREDATOR) values (2, 'Kiskadee, great', 'The animal is a bird and has colorful feathers. It is known for its ability to fly and build nests.', 851.5, 47, 7547, 'bulk feeders', 'ladybug');
insert into SPECIES (SPECIE_ID, SPECIE_NAME, SPECIE_DESCRIPTION, PRICE_PER_KG, AVERAGE_LIFESPAN, POPULATION_STATUS, DIET, MAIN_PREDATOR) values (3, 'Legaan, Monitor (unidentified)', 'The animal is a mammal and has fur. It is known for its sharp claws and teeth.', 143.65, 24, 7205, 'filter feeders', 'platypus');
insert into SPECIES (SPECIE_ID, SPECIE_NAME, SPECIE_DESCRIPTION, PRICE_PER_KG, AVERAGE_LIFESPAN, POPULATION_STATUS, DIET, MAIN_PREDATOR) values (4, 'Seal, northern fur', 'This animal is an amphibian and has smooth skin. It can breathe through its skin and lays eggs in water.', 711.27, 27, 3330, 'ram and suction feeders', 'spider');
insert into SPECIES (SPECIE_ID, SPECIE_NAME, SPECIE_DESCRIPTION, PRICE_PER_KG, AVERAGE_LIFESPAN, POPULATION_STATUS, DIET, MAIN_PREDATOR) values (5, 'Siskin, pine', 'The animal is a mammal and has fur. It is known for its sharp claws and teeth.', 155.51, 48, 863, 'carnivores', 'coral');
insert into SPECIES (SPECIE_ID, SPECIE_NAME, SPECIE_DESCRIPTION, PRICE_PER_KG, AVERAGE_LIFESPAN, POPULATION_STATUS, DIET, MAIN_PREDATOR) values (6, 'African elephant', 'The animal is a mammal and has fur. It is known for its sharp claws and teeth.', 439.16, 28, 588, 'fluid feeders', 'scallop');
insert into SPECIES (SPECIE_ID, SPECIE_NAME, SPECIE_DESCRIPTION, PRICE_PER_KG, AVERAGE_LIFESPAN, POPULATION_STATUS, DIET, MAIN_PREDATOR) values (7, 'Buffalo, american', 'This animal is an amphibian and has smooth skin. It can breathe through its skin and lays eggs in water.', 775.87, 27, 369, 'deposit feeders', 'firefly');
insert into SPECIES (SPECIE_ID, SPECIE_NAME, SPECIE_DESCRIPTION, PRICE_PER_KG, AVERAGE_LIFESPAN, POPULATION_STATUS, DIET, MAIN_PREDATOR) values (8, 'North American beaver', 'The animal is a bird and has colorful feathers. It is known for its ability to fly and build nests.', 411.08, 42, 5090, 'filter feeders', 'glowworm');
insert into SPECIES (SPECIE_ID, SPECIE_NAME, SPECIE_DESCRIPTION, PRICE_PER_KG, AVERAGE_LIFESPAN, POPULATION_STATUS, DIET, MAIN_PREDATOR) values (9, 'Wombat, southern hairy-nosed', 'This animal is a reptile and has a long tail. It is cold-blooded and lays eggs.', 65.74, 7, 9134, 'fructivores', 'mosquito');
insert into SPECIES (SPECIE_ID, SPECIE_NAME, SPECIE_DESCRIPTION, PRICE_PER_KG, AVERAGE_LIFESPAN, POPULATION_STATUS, DIET, MAIN_PREDATOR) values (10, 'Jackal, asiatic', 'The animal is a mammal and has fur. It is known for its sharp claws and teeth.', 270.26, 35, 614, 'fluid feeders', 'mosquito');
insert into SPECIES (SPECIE_ID, SPECIE_NAME, SPECIE_DESCRIPTION, PRICE_PER_KG, AVERAGE_LIFESPAN, POPULATION_STATUS, DIET, MAIN_PREDATOR) values (11, 'Pied crow', 'This animal is a reptile and has a long tail. It is cold-blooded and lays eggs.', 903.38, 35, 5822, 'bulk feeders', 'sea urchin');
insert into SPECIES (SPECIE_ID, SPECIE_NAME, SPECIE_DESCRIPTION, PRICE_PER_KG, AVERAGE_LIFESPAN, POPULATION_STATUS, DIET, MAIN_PREDATOR) values (12, 'Heron, green-backed', 'This animal is a reptile and has a long tail. It is cold-blooded and lays eggs.', 355.12, 11, 3919, 'fluid feeders', 'cockroach');
insert into SPECIES (SPECIE_ID, SPECIE_NAME, SPECIE_DESCRIPTION, PRICE_PER_KG, AVERAGE_LIFESPAN, POPULATION_STATUS, DIET, MAIN_PREDATOR) values (13, 'Black-throated cardinal', 'This animal is an amphibian and has smooth skin. It can breathe through its skin and lays eggs in water.', 917.4, 41, 2903, 'deposit feeders', 'termite');
insert into SPECIES (SPECIE_ID, SPECIE_NAME, SPECIE_DESCRIPTION, PRICE_PER_KG, AVERAGE_LIFESPAN, POPULATION_STATUS, DIET, MAIN_PREDATOR) values (14, 'Squirrel, indian giant', 'This animal is an amphibian and has smooth skin. It can breathe through its skin and lays eggs in water.', 75.53, 35, 6813, 'filter feeders', 'fluke');
insert into SPECIES (SPECIE_ID, SPECIE_NAME, SPECIE_DESCRIPTION, PRICE_PER_KG, AVERAGE_LIFESPAN, POPULATION_STATUS, DIET, MAIN_PREDATOR) values (15, 'Coot, red-knobbed', 'The animal is a bird and has colorful feathers. It is known for its ability to fly and build nests.', 591.38, 44, 4000, 'ram and suction feeders', 'ram');
insert into SPECIES (SPECIE_ID, SPECIE_NAME, SPECIE_DESCRIPTION, PRICE_PER_KG, AVERAGE_LIFESPAN, POPULATION_STATUS, DIET, MAIN_PREDATOR) values (16, 'Grison', 'This animal is a reptile and has a long tail. It is cold-blooded and lays eggs.', 713.45, 35, 87, 'carnivores', 'glowworm');
insert into SPECIES (SPECIE_ID, SPECIE_NAME, SPECIE_DESCRIPTION, PRICE_PER_KG, AVERAGE_LIFESPAN, POPULATION_STATUS, DIET, MAIN_PREDATOR) values (17, 'Mara', 'The animal is a mammal and has fur. It is known for its sharp claws and teeth.', 265.4, 5, 8611, 'fructivores', 'fox');
insert into SPECIES (SPECIE_ID, SPECIE_NAME, SPECIE_DESCRIPTION, PRICE_PER_KG, AVERAGE_LIFESPAN, POPULATION_STATUS, DIET, MAIN_PREDATOR) values (18, 'Madagascar fruit bat', 'This animal is an amphibian and has smooth skin. It can breathe through its skin and lays eggs in water.', 306.21, 17, 7555, 'carnivores', 'raccoon dog');
insert into SPECIES (SPECIE_ID, SPECIE_NAME, SPECIE_DESCRIPTION, PRICE_PER_KG, AVERAGE_LIFESPAN, POPULATION_STATUS, DIET, MAIN_PREDATOR) values (19, 'Baleen whale', 'This animal is an amphibian and has smooth skin. It can breathe through its skin and lays eggs in water.', 834.12, 21, 1282, 'filter feeders', 'termite');
insert into SPECIES (SPECIE_ID, SPECIE_NAME, SPECIE_DESCRIPTION, PRICE_PER_KG, AVERAGE_LIFESPAN, POPULATION_STATUS, DIET, MAIN_PREDATOR) values (20, 'Monitor, white-throated', 'The animal is a bird and has colorful feathers. It is known for its ability to fly and build nests.', 252.65, 8, 59, 'deposit feeders', 'millipede');
insert into SPECIES (SPECIE_ID, SPECIE_NAME, SPECIE_DESCRIPTION, PRICE_PER_KG, AVERAGE_LIFESPAN, POPULATION_STATUS, DIET, MAIN_PREDATOR) values (21, 'Lizard, desert spiny', 'The animal is a mammal and has fur. It is known for its sharp claws and teeth.', 15.16, 8, 6332, 'herbivores', 'ladybug');
insert into SPECIES (SPECIE_ID, SPECIE_NAME, SPECIE_DESCRIPTION, PRICE_PER_KG, AVERAGE_LIFESPAN, POPULATION_STATUS, DIET, MAIN_PREDATOR) values (22, 'Cockatoo, roseate', 'The animal is a bird and has colorful feathers. It is known for its ability to fly and build nests.', 878.66, 17, 6500, 'ram and suction feeders', 'sea urchin');
insert into SPECIES (SPECIE_ID, SPECIE_NAME, SPECIE_DESCRIPTION, PRICE_PER_KG, AVERAGE_LIFESPAN, POPULATION_STATUS, DIET, MAIN_PREDATOR) values (23, 'Hoopoe, eurasian', 'This animal is a reptile and has a long tail. It is cold-blooded and lays eggs.', 354.42, 35, 8300, 'carnivores', 'cougar');
insert into SPECIES (SPECIE_ID, SPECIE_NAME, SPECIE_DESCRIPTION, PRICE_PER_KG, AVERAGE_LIFESPAN, POPULATION_STATUS, DIET, MAIN_PREDATOR) values (24, 'Canadian river otter', 'The animal is a mammal and has fur. It is known for its sharp claws and teeth.', 39.16, 17, 3482, 'fructivores', 'fly');
insert into SPECIES (SPECIE_ID, SPECIE_NAME, SPECIE_DESCRIPTION, PRICE_PER_KG, AVERAGE_LIFESPAN, POPULATION_STATUS, DIET, MAIN_PREDATOR) values (25, 'Bulbul, black-fronted', 'This animal is an amphibian and has smooth skin. It can breathe through its skin and lays eggs in water.', 855.68, 19, 2995, 'herbivores', 'iguana');
insert into SPECIES (SPECIE_ID, SPECIE_NAME, SPECIE_DESCRIPTION, PRICE_PER_KG, AVERAGE_LIFESPAN, POPULATION_STATUS, DIET, MAIN_PREDATOR) values (26, 'White-throated toucan', 'The animal is a mammal and has fur. It is known for its sharp claws and teeth.', 861.59, 10, 2976, 'ram and suction feeders', 'raccoon');
insert into SPECIES (SPECIE_ID, SPECIE_NAME, SPECIE_DESCRIPTION, PRICE_PER_KG, AVERAGE_LIFESPAN, POPULATION_STATUS, DIET, MAIN_PREDATOR) values (27, 'Lion, asian', 'This animal is an amphibian and has smooth skin. It can breathe through its skin and lays eggs in water.', 88.3, 39, 6602, 'fluid feeders', 'earthworm');
insert into SPECIES (SPECIE_ID, SPECIE_NAME, SPECIE_DESCRIPTION, PRICE_PER_KG, AVERAGE_LIFESPAN, POPULATION_STATUS, DIET, MAIN_PREDATOR) values (28, 'Rhinoceros, white', 'This animal is a reptile and has a long tail. It is cold-blooded and lays eggs.', 830.3, 11, 740, 'fluid feeders', 'ram');
insert into SPECIES (SPECIE_ID, SPECIE_NAME, SPECIE_DESCRIPTION, PRICE_PER_KG, AVERAGE_LIFESPAN, POPULATION_STATUS, DIET, MAIN_PREDATOR) values (29, 'Kangaroo, western grey', 'The animal is a bird and has colorful feathers. It is known for its ability to fly and build nests.', 986.64, 22, 1067, 'fluid feeders', 'tarantula');
insert into SPECIES (SPECIE_ID, SPECIE_NAME, SPECIE_DESCRIPTION, PRICE_PER_KG, AVERAGE_LIFESPAN, POPULATION_STATUS, DIET, MAIN_PREDATOR) values (30, 'Frilled dragon', 'This animal is an amphibian and has smooth skin. It can breathe through its skin and lays eggs in water.', 666.34, 28, 1854, 'deposit feeders', 'wasp');
insert into SPECIES (SPECIE_ID, SPECIE_NAME, SPECIE_DESCRIPTION, PRICE_PER_KG, AVERAGE_LIFESPAN, POPULATION_STATUS, DIET, MAIN_PREDATOR) values (31, 'Bustard, denham''s', 'The animal is a bird and has colorful feathers. It is known for its ability to fly and build nests.', 659.24, 30, 1426, 'filter feeders', 'anaconda');
insert into SPECIES (SPECIE_ID, SPECIE_NAME, SPECIE_DESCRIPTION, PRICE_PER_KG, AVERAGE_LIFESPAN, POPULATION_STATUS, DIET, MAIN_PREDATOR) values (32, 'Wild water buffalo', 'This animal is an amphibian and has smooth skin. It can breathe through its skin and lays eggs in water.', 513.01, 28, 3424, 'herbivores', 'millipede');
insert into SPECIES (SPECIE_ID, SPECIE_NAME, SPECIE_DESCRIPTION, PRICE_PER_KG, AVERAGE_LIFESPAN, POPULATION_STATUS, DIET, MAIN_PREDATOR) values (33, 'Fox, cape', 'This animal is an amphibian and has smooth skin. It can breathe through its skin and lays eggs in water.', 799.96, 22, 8317, 'fluid feeders', 'mountain goat');
insert into SPECIES (SPECIE_ID, SPECIE_NAME, SPECIE_DESCRIPTION, PRICE_PER_KG, AVERAGE_LIFESPAN, POPULATION_STATUS, DIET, MAIN_PREDATOR) values (34, 'Hyrax', 'This animal is an amphibian and has smooth skin. It can breathe through its skin and lays eggs in water.', 580.76, 1, 4188, 'ram and suction feeders', 'caribou');
insert into SPECIES (SPECIE_ID, SPECIE_NAME, SPECIE_DESCRIPTION, PRICE_PER_KG, AVERAGE_LIFESPAN, POPULATION_STATUS, DIET, MAIN_PREDATOR) values (35, 'Glossy starling (unidentified)', 'This animal is an amphibian and has smooth skin. It can breathe through its skin and lays eggs in water.', 740.68, 34, 3689, 'fructivores', 'great white shark');
insert into SPECIES (SPECIE_ID, SPECIE_NAME, SPECIE_DESCRIPTION, PRICE_PER_KG, AVERAGE_LIFESPAN, POPULATION_STATUS, DIET, MAIN_PREDATOR) values (36, 'Lizard, giant girdled', 'This animal is a reptile and has a long tail. It is cold-blooded and lays eggs.', 144.16, 22, 6292, 'carnivores', 'liver fluke');
insert into SPECIES (SPECIE_ID, SPECIE_NAME, SPECIE_DESCRIPTION, PRICE_PER_KG, AVERAGE_LIFESPAN, POPULATION_STATUS, DIET, MAIN_PREDATOR) values (37, 'Turaco, violet-crested', 'The animal is a mammal and has fur. It is known for its sharp claws and teeth.', 300.77, 39, 6607, 'herbivores', 'squid');
insert into SPECIES (SPECIE_ID, SPECIE_NAME, SPECIE_DESCRIPTION, PRICE_PER_KG, AVERAGE_LIFESPAN, POPULATION_STATUS, DIET, MAIN_PREDATOR) values (38, 'Pheasant, common', 'This animal is an amphibian and has smooth skin. It can breathe through its skin and lays eggs in water.', 66.74, 29, 2413, 'filter feeders', 'coral');
insert into SPECIES (SPECIE_ID, SPECIE_NAME, SPECIE_DESCRIPTION, PRICE_PER_KG, AVERAGE_LIFESPAN, POPULATION_STATUS, DIET, MAIN_PREDATOR) values (39, 'Red-knobbed coot', 'The animal is a mammal and has fur. It is known for its sharp claws and teeth.', 834.52, 16, 4293, 'fructivores', 'glowworm');
insert into SPECIES (SPECIE_ID, SPECIE_NAME, SPECIE_DESCRIPTION, PRICE_PER_KG, AVERAGE_LIFESPAN, POPULATION_STATUS, DIET, MAIN_PREDATOR) values (40, 'Old world fruit bat (unidentified)', 'The animal is a bird and has colorful feathers. It is known for its ability to fly and build nests.', 776.58, 31, 2118, 'ram and suction feeders', 'killer whale');
insert into SPECIES (SPECIE_ID, SPECIE_NAME, SPECIE_DESCRIPTION, PRICE_PER_KG, AVERAGE_LIFESPAN, POPULATION_STATUS, DIET, MAIN_PREDATOR) values (41, 'Sheep, american bighorn', 'This animal is an amphibian and has smooth skin. It can breathe through its skin and lays eggs in water.', 111.0, 23, 9024, 'ram and suction feeders', 'eagle');
insert into SPECIES (SPECIE_ID, SPECIE_NAME, SPECIE_DESCRIPTION, PRICE_PER_KG, AVERAGE_LIFESPAN, POPULATION_STATUS, DIET, MAIN_PREDATOR) values (42, 'African jacana', 'The animal is a bird and has colorful feathers. It is known for its ability to fly and build nests.', 368.77, 8, 3665, 'filter feeders', 'dragonfly');
insert into SPECIES (SPECIE_ID, SPECIE_NAME, SPECIE_DESCRIPTION, PRICE_PER_KG, AVERAGE_LIFESPAN, POPULATION_STATUS, DIET, MAIN_PREDATOR) values (43, 'Armadillo, nine-banded', 'The animal is a bird and has colorful feathers. It is known for its ability to fly and build nests.', 269.28, 30, 1805, 'bulk feeders', 'leech');
insert into SPECIES (SPECIE_ID, SPECIE_NAME, SPECIE_DESCRIPTION, PRICE_PER_KG, AVERAGE_LIFESPAN, POPULATION_STATUS, DIET, MAIN_PREDATOR) values (44, 'Cockatoo, long-billed', 'This animal is an amphibian and has smooth skin. It can breathe through its skin and lays eggs in water.', 110.79, 8, 9262, 'bulk feeders', 'grasshopper');
insert into SPECIES (SPECIE_ID, SPECIE_NAME, SPECIE_DESCRIPTION, PRICE_PER_KG, AVERAGE_LIFESPAN, POPULATION_STATUS, DIET, MAIN_PREDATOR) values (45, 'Southern black-backed gull', 'The animal is a mammal and has fur. It is known for its sharp claws and teeth.', 228.88, 40, 8177, 'bulk feeders', 'peregrine falcon');
insert into SPECIES (SPECIE_ID, SPECIE_NAME, SPECIE_DESCRIPTION, PRICE_PER_KG, AVERAGE_LIFESPAN, POPULATION_STATUS, DIET, MAIN_PREDATOR) values (46, 'Colobus, black and white', 'This animal is a reptile and has a long tail. It is cold-blooded and lays eggs.', 389.11, 7, 3460, 'fructivores', 'ant');
insert into SPECIES (SPECIE_ID, SPECIE_NAME, SPECIE_DESCRIPTION, PRICE_PER_KG, AVERAGE_LIFESPAN, POPULATION_STATUS, DIET, MAIN_PREDATOR) values (47, 'Vulture, king', 'This animal is an amphibian and has smooth skin. It can breathe through its skin and lays eggs in water.', 362.92, 21, 7575, 'carnivores', 'cougar');
insert into SPECIES (SPECIE_ID, SPECIE_NAME, SPECIE_DESCRIPTION, PRICE_PER_KG, AVERAGE_LIFESPAN, POPULATION_STATUS, DIET, MAIN_PREDATOR) values (48, 'Possum, golden brush-tailed', 'The animal is a bird and has colorful feathers. It is known for its ability to fly and build nests.', 404.53, 18, 7624, 'bulk feeders', 'owl');
insert into SPECIES (SPECIE_ID, SPECIE_NAME, SPECIE_DESCRIPTION, PRICE_PER_KG, AVERAGE_LIFESPAN, POPULATION_STATUS, DIET, MAIN_PREDATOR) values (49, 'Gecko, ring-tailed', 'This animal is an amphibian and has smooth skin. It can breathe through its skin and lays eggs in water.', 437.4, 16, 6966, 'deposit feeders', 'cockroach');
insert into SPECIES (SPECIE_ID, SPECIE_NAME, SPECIE_DESCRIPTION, PRICE_PER_KG, AVERAGE_LIFESPAN, POPULATION_STATUS, DIET, MAIN_PREDATOR) values (50, 'Deer, red', 'The animal is a bird and has colorful feathers. It is known for its ability to fly and build nests.', 849.46, 17, 7553, 'fluid feeders', 'cheetah');
insert into SPECIES (SPECIE_ID, SPECIE_NAME, SPECIE_DESCRIPTION, PRICE_PER_KG, AVERAGE_LIFESPAN, POPULATION_STATUS, DIET, MAIN_PREDATOR) values (51, 'Pelican, australian', 'This animal is an amphibian and has smooth skin. It can breathe through its skin and lays eggs in water.', 701.48, 27, 4745, 'bulk feeders', 'tapeworm');
insert into SPECIES (SPECIE_ID, SPECIE_NAME, SPECIE_DESCRIPTION, PRICE_PER_KG, AVERAGE_LIFESPAN, POPULATION_STATUS, DIET, MAIN_PREDATOR) values (52, 'Eagle, golden', 'The animal is a mammal and has fur. It is known for its sharp claws and teeth.', 509.27, 24, 8866, 'ram and suction feeders', 'centipede');
insert into SPECIES (SPECIE_ID, SPECIE_NAME, SPECIE_DESCRIPTION, PRICE_PER_KG, AVERAGE_LIFESPAN, POPULATION_STATUS, DIET, MAIN_PREDATOR) values (53, 'Australian sea lion', 'The animal is a mammal and has fur. It is known for its sharp claws and teeth.', 562.06, 19, 1929, 'ram and suction feeders', 'gnat');
insert into SPECIES (SPECIE_ID, SPECIE_NAME, SPECIE_DESCRIPTION, PRICE_PER_KG, AVERAGE_LIFESPAN, POPULATION_STATUS, DIET, MAIN_PREDATOR) values (54, 'Hoopoe, eurasian', 'This animal is an amphibian and has smooth skin. It can breathe through its skin and lays eggs in water.', 982.26, 50, 1903, 'deposit feeders', 'ferret');
insert into SPECIES (SPECIE_ID, SPECIE_NAME, SPECIE_DESCRIPTION, PRICE_PER_KG, AVERAGE_LIFESPAN, POPULATION_STATUS, DIET, MAIN_PREDATOR) values (55, 'Stanley crane', 'This animal is an amphibian and has smooth skin. It can breathe through its skin and lays eggs in water.', 751.47, 34, 4212, 'fluid feeders', 'opossum');
insert into SPECIES (SPECIE_ID, SPECIE_NAME, SPECIE_DESCRIPTION, PRICE_PER_KG, AVERAGE_LIFESPAN, POPULATION_STATUS, DIET, MAIN_PREDATOR) values (56, 'Southern right whale', 'This animal is a reptile and has a long tail. It is cold-blooded and lays eggs.', 291.94, 45, 9841, 'herbivores', 'cape buffalo');
insert into SPECIES (SPECIE_ID, SPECIE_NAME, SPECIE_DESCRIPTION, PRICE_PER_KG, AVERAGE_LIFESPAN, POPULATION_STATUS, DIET, MAIN_PREDATOR) values (57, 'African buffalo', 'This animal is a reptile and has a long tail. It is cold-blooded and lays eggs.', 219.94, 28, 1736, 'fluid feeders', 'mosquito');
insert into SPECIES (SPECIE_ID, SPECIE_NAME, SPECIE_DESCRIPTION, PRICE_PER_KG, AVERAGE_LIFESPAN, POPULATION_STATUS, DIET, MAIN_PREDATOR) values (58, 'Chacma baboon', 'The animal is a bird and has colorful feathers. It is known for its ability to fly and build nests.', 983.84, 11, 977, 'filter feeders', 'octopus');
insert into SPECIES (SPECIE_ID, SPECIE_NAME, SPECIE_DESCRIPTION, PRICE_PER_KG, AVERAGE_LIFESPAN, POPULATION_STATUS, DIET, MAIN_PREDATOR) values (59, 'Guerza', 'The animal is a mammal and has fur. It is known for its sharp claws and teeth.', 912.43, 14, 8073, 'bulk feeders', 'lice');
insert into SPECIES (SPECIE_ID, SPECIE_NAME, SPECIE_DESCRIPTION, PRICE_PER_KG, AVERAGE_LIFESPAN, POPULATION_STATUS, DIET, MAIN_PREDATOR) values (60, 'Burrowing owl', 'This animal is a reptile and has a long tail. It is cold-blooded and lays eggs.', 64.64, 14, 5033, 'filter feeders', 'moth');
insert into SPECIES (SPECIE_ID, SPECIE_NAME, SPECIE_DESCRIPTION, PRICE_PER_KG, AVERAGE_LIFESPAN, POPULATION_STATUS, DIET, MAIN_PREDATOR) values (61, 'Screamer, southern', 'This animal is a reptile and has a long tail. It is cold-blooded and lays eggs.', 785.96, 39, 3610, 'fluid feeders', 'centipede');
insert into SPECIES (SPECIE_ID, SPECIE_NAME, SPECIE_DESCRIPTION, PRICE_PER_KG, AVERAGE_LIFESPAN, POPULATION_STATUS, DIET, MAIN_PREDATOR) values (62, 'Curlew, black', 'The animal is a mammal and has fur. It is known for its sharp claws and teeth.', 26.17, 2, 8552, 'fluid feeders', 'ant');
insert into SPECIES (SPECIE_ID, SPECIE_NAME, SPECIE_DESCRIPTION, PRICE_PER_KG, AVERAGE_LIFESPAN, POPULATION_STATUS, DIET, MAIN_PREDATOR) values (63, 'Sage grouse', 'The animal is a mammal and has fur. It is known for its sharp claws and teeth.', 52.35, 15, 5281, 'carnivores', 'giant squid');
insert into SPECIES (SPECIE_ID, SPECIE_NAME, SPECIE_DESCRIPTION, PRICE_PER_KG, AVERAGE_LIFESPAN, POPULATION_STATUS, DIET, MAIN_PREDATOR) values (64, 'Pale white-eye', 'This animal is a reptile and has a long tail. It is cold-blooded and lays eggs.', 444.6, 17, 8103, 'fructivores', 'platypus');
insert into SPECIES (SPECIE_ID, SPECIE_NAME, SPECIE_DESCRIPTION, PRICE_PER_KG, AVERAGE_LIFESPAN, POPULATION_STATUS, DIET, MAIN_PREDATOR) values (65, 'Badger, eurasian', 'The animal is a bird and has colorful feathers. It is known for its ability to fly and build nests.', 750.59, 21, 1000, 'herbivores', 'scorpion');
insert into SPECIES (SPECIE_ID, SPECIE_NAME, SPECIE_DESCRIPTION, PRICE_PER_KG, AVERAGE_LIFESPAN, POPULATION_STATUS, DIET, MAIN_PREDATOR) values (66, 'Carmine bee-eater', 'The animal is a bird and has colorful feathers. It is known for its ability to fly and build nests.', 213.74, 6, 646, 'herbivores', 'peregrine falcon');
insert into SPECIES (SPECIE_ID, SPECIE_NAME, SPECIE_DESCRIPTION, PRICE_PER_KG, AVERAGE_LIFESPAN, POPULATION_STATUS, DIET, MAIN_PREDATOR) values (67, 'Francolin, coqui', 'The animal is a mammal and has fur. It is known for its sharp claws and teeth.', 920.17, 1, 9023, 'herbivores', 'tiger');
insert into SPECIES (SPECIE_ID, SPECIE_NAME, SPECIE_DESCRIPTION, PRICE_PER_KG, AVERAGE_LIFESPAN, POPULATION_STATUS, DIET, MAIN_PREDATOR) values (68, 'Old world fruit bat (unidentified)', 'The animal is a bird and has colorful feathers. It is known for its ability to fly and build nests.', 872.21, 8, 3038, 'bulk feeders', 'hammerhead shark');
insert into SPECIES (SPECIE_ID, SPECIE_NAME, SPECIE_DESCRIPTION, PRICE_PER_KG, AVERAGE_LIFESPAN, POPULATION_STATUS, DIET, MAIN_PREDATOR) values (69, 'Carpet python', 'The animal is a bird and has colorful feathers. It is known for its ability to fly and build nests.', 154.71, 33, 7487, 'herbivores', 'crocodile');
insert into SPECIES (SPECIE_ID, SPECIE_NAME, SPECIE_DESCRIPTION, PRICE_PER_KG, AVERAGE_LIFESPAN, POPULATION_STATUS, DIET, MAIN_PREDATOR) values (70, 'Pine siskin', 'The animal is a bird and has colorful feathers. It is known for its ability to fly and build nests.', 107.39, 30, 5679, 'herbivores', 'tick');
insert into SPECIES (SPECIE_ID, SPECIE_NAME, SPECIE_DESCRIPTION, PRICE_PER_KG, AVERAGE_LIFESPAN, POPULATION_STATUS, DIET, MAIN_PREDATOR) values (71, 'Sulfur-crested cockatoo', 'This animal is a reptile and has a long tail. It is cold-blooded and lays eggs.', 841.5, 47, 9624, 'carnivores', 'raccoon dog');
insert into SPECIES (SPECIE_ID, SPECIE_NAME, SPECIE_DESCRIPTION, PRICE_PER_KG, AVERAGE_LIFESPAN, POPULATION_STATUS, DIET, MAIN_PREDATOR) values (72, 'Badger, honey', 'This animal is a reptile and has a long tail. It is cold-blooded and lays eggs.', 844.47, 45, 742, 'herbivores', 'tick');
insert into SPECIES (SPECIE_ID, SPECIE_NAME, SPECIE_DESCRIPTION, PRICE_PER_KG, AVERAGE_LIFESPAN, POPULATION_STATUS, DIET, MAIN_PREDATOR) values (73, 'Red-breasted cockatoo', 'The animal is a mammal and has fur. It is known for its sharp claws and teeth.', 128.52, 50, 6152, 'filter feeders', 'lice');
insert into SPECIES (SPECIE_ID, SPECIE_NAME, SPECIE_DESCRIPTION, PRICE_PER_KG, AVERAGE_LIFESPAN, POPULATION_STATUS, DIET, MAIN_PREDATOR) values (74, 'Cockatoo, red-breasted', 'This animal is a reptile and has a long tail. It is cold-blooded and lays eggs.', 790.16, 30, 815, 'deposit feeders', 'weasel');
insert into SPECIES (SPECIE_ID, SPECIE_NAME, SPECIE_DESCRIPTION, PRICE_PER_KG, AVERAGE_LIFESPAN, POPULATION_STATUS, DIET, MAIN_PREDATOR) values (75, 'Steenbok', 'The animal is a bird and has colorful feathers. It is known for its ability to fly and build nests.', 969.49, 28, 5947, 'ram and suction feeders', 'squid');
insert into SPECIES (SPECIE_ID, SPECIE_NAME, SPECIE_DESCRIPTION, PRICE_PER_KG, AVERAGE_LIFESPAN, POPULATION_STATUS, DIET, MAIN_PREDATOR) values (76, 'Lion, mountain', 'This animal is an amphibian and has smooth skin. It can breathe through its skin and lays eggs in water.', 144.85, 1, 1035, 'fluid feeders', 'slug');
insert into SPECIES (SPECIE_ID, SPECIE_NAME, SPECIE_DESCRIPTION, PRICE_PER_KG, AVERAGE_LIFESPAN, POPULATION_STATUS, DIET, MAIN_PREDATOR) values (77, 'Blue and gold macaw', 'This animal is an amphibian and has smooth skin. It can breathe through its skin and lays eggs in water.', 154.41, 35, 4134, 'herbivores', 'cricket');
insert into SPECIES (SPECIE_ID, SPECIE_NAME, SPECIE_DESCRIPTION, PRICE_PER_KG, AVERAGE_LIFESPAN, POPULATION_STATUS, DIET, MAIN_PREDATOR) values (78, 'Crown of thorns starfish', 'The animal is a mammal and has fur. It is known for its sharp claws and teeth.', 589.09, 43, 5398, 'fluid feeders', 'cuttlefish');
insert into SPECIES (SPECIE_ID, SPECIE_NAME, SPECIE_DESCRIPTION, PRICE_PER_KG, AVERAGE_LIFESPAN, POPULATION_STATUS, DIET, MAIN_PREDATOR) values (79, 'Lion, steller sea', 'The animal is a mammal and has fur. It is known for its sharp claws and teeth.', 2.91, 22, 3594, 'carnivores', 'scorpion');
insert into SPECIES (SPECIE_ID, SPECIE_NAME, SPECIE_DESCRIPTION, PRICE_PER_KG, AVERAGE_LIFESPAN, POPULATION_STATUS, DIET, MAIN_PREDATOR) values (80, 'Tern, white-winged black', 'The animal is a bird and has colorful feathers. It is known for its ability to fly and build nests.', 419.66, 9, 7204, 'fructivores', 'heartworm');
insert into SPECIES (SPECIE_ID, SPECIE_NAME, SPECIE_DESCRIPTION, PRICE_PER_KG, AVERAGE_LIFESPAN, POPULATION_STATUS, DIET, MAIN_PREDATOR) values (81, 'Seal, northern fur', 'The animal is a mammal and has fur. It is known for its sharp claws and teeth.', 41.15, 32, 2012, 'carnivores', 'mussel');
insert into SPECIES (SPECIE_ID, SPECIE_NAME, SPECIE_DESCRIPTION, PRICE_PER_KG, AVERAGE_LIFESPAN, POPULATION_STATUS, DIET, MAIN_PREDATOR) values (82, 'Whale, long-finned pilot', 'The animal is a mammal and has fur. It is known for its sharp claws and teeth.', 262.23, 21, 1391, 'filter feeders', 'water buffalo');
insert into SPECIES (SPECIE_ID, SPECIE_NAME, SPECIE_DESCRIPTION, PRICE_PER_KG, AVERAGE_LIFESPAN, POPULATION_STATUS, DIET, MAIN_PREDATOR) values (83, 'Large cormorant', 'The animal is a mammal and has fur. It is known for its sharp claws and teeth.', 308.11, 1, 1268, 'fructivores', 'badger');
insert into SPECIES (SPECIE_ID, SPECIE_NAME, SPECIE_DESCRIPTION, PRICE_PER_KG, AVERAGE_LIFESPAN, POPULATION_STATUS, DIET, MAIN_PREDATOR) values (84, 'Cottonmouth', 'This animal is an amphibian and has smooth skin. It can breathe through its skin and lays eggs in water.', 693.14, 13, 7202, 'filter feeders', 'mussel');
insert into SPECIES (SPECIE_ID, SPECIE_NAME, SPECIE_DESCRIPTION, PRICE_PER_KG, AVERAGE_LIFESPAN, POPULATION_STATUS, DIET, MAIN_PREDATOR) values (85, 'Lourie, grey', 'This animal is a reptile and has a long tail. It is cold-blooded and lays eggs.', 876.65, 18, 2789, 'carnivores', 'red wolf');
insert into SPECIES (SPECIE_ID, SPECIE_NAME, SPECIE_DESCRIPTION, PRICE_PER_KG, AVERAGE_LIFESPAN, POPULATION_STATUS, DIET, MAIN_PREDATOR) values (86, 'Macaw, blue and gold', 'This animal is a reptile and has a long tail. It is cold-blooded and lays eggs.', 222.43, 7, 257, 'filter feeders', 'killer whale');
insert into SPECIES (SPECIE_ID, SPECIE_NAME, SPECIE_DESCRIPTION, PRICE_PER_KG, AVERAGE_LIFESPAN, POPULATION_STATUS, DIET, MAIN_PREDATOR) values (87, 'Wild boar', 'This animal is a reptile and has a long tail. It is cold-blooded and lays eggs.', 117.96, 21, 6383, 'ram and suction feeders', 'brown hyena');
insert into SPECIES (SPECIE_ID, SPECIE_NAME, SPECIE_DESCRIPTION, PRICE_PER_KG, AVERAGE_LIFESPAN, POPULATION_STATUS, DIET, MAIN_PREDATOR) values (88, 'Common turkey', 'This animal is an amphibian and has smooth skin. It can breathe through its skin and lays eggs in water.', 657.87, 15, 8668, 'ram and suction feeders', 'cicada');
insert into SPECIES (SPECIE_ID, SPECIE_NAME, SPECIE_DESCRIPTION, PRICE_PER_KG, AVERAGE_LIFESPAN, POPULATION_STATUS, DIET, MAIN_PREDATOR) values (89, 'Blesbok', 'This animal is an amphibian and has smooth skin. It can breathe through its skin and lays eggs in water.', 528.65, 25, 7787, 'fluid feeders', 'ferret');
insert into SPECIES (SPECIE_ID, SPECIE_NAME, SPECIE_DESCRIPTION, PRICE_PER_KG, AVERAGE_LIFESPAN, POPULATION_STATUS, DIET, MAIN_PREDATOR) values (90, 'Snowy sheathbill', 'This animal is a reptile and has a long tail. It is cold-blooded and lays eggs.', 906.34, 35, 8347, 'deposit feeders', 'bald eagle');
insert into SPECIES (SPECIE_ID, SPECIE_NAME, SPECIE_DESCRIPTION, PRICE_PER_KG, AVERAGE_LIFESPAN, POPULATION_STATUS, DIET, MAIN_PREDATOR) values (91, 'Legaan, ground', 'This animal is a reptile and has a long tail. It is cold-blooded and lays eggs.', 289.88, 11, 7896, 'fructivores', 'scorpion');
insert into SPECIES (SPECIE_ID, SPECIE_NAME, SPECIE_DESCRIPTION, PRICE_PER_KG, AVERAGE_LIFESPAN, POPULATION_STATUS, DIET, MAIN_PREDATOR) values (92, 'White-winged tern', 'The animal is a bird and has colorful feathers. It is known for its ability to fly and build nests.', 305.14, 42, 5901, 'deposit feeders', 'butterfly');
insert into SPECIES (SPECIE_ID, SPECIE_NAME, SPECIE_DESCRIPTION, PRICE_PER_KG, AVERAGE_LIFESPAN, POPULATION_STATUS, DIET, MAIN_PREDATOR) values (93, 'Deer, spotted', 'This animal is a reptile and has a long tail. It is cold-blooded and lays eggs.', 542.38, 34, 81, 'carnivores', 'mountain goat');
insert into SPECIES (SPECIE_ID, SPECIE_NAME, SPECIE_DESCRIPTION, PRICE_PER_KG, AVERAGE_LIFESPAN, POPULATION_STATUS, DIET, MAIN_PREDATOR) values (94, 'Coke''s hartebeest', 'The animal is a mammal and has fur. It is known for its sharp claws and teeth.', 37.23, 10, 7007, 'herbivores', 'fly');
insert into SPECIES (SPECIE_ID, SPECIE_NAME, SPECIE_DESCRIPTION, PRICE_PER_KG, AVERAGE_LIFESPAN, POPULATION_STATUS, DIET, MAIN_PREDATOR) values (95, 'Russian dragonfly', 'This animal is a reptile and has a long tail. It is cold-blooded and lays eggs.', 170.27, 50, 1444, 'deposit feeders', 'cricket');
insert into SPECIES (SPECIE_ID, SPECIE_NAME, SPECIE_DESCRIPTION, PRICE_PER_KG, AVERAGE_LIFESPAN, POPULATION_STATUS, DIET, MAIN_PREDATOR) values (96, 'Bontebok', 'This animal is an amphibian and has smooth skin. It can breathe through its skin and lays eggs in water.', 682.39, 42, 5659, 'deposit feeders', 'butterfly');
insert into SPECIES (SPECIE_ID, SPECIE_NAME, SPECIE_DESCRIPTION, PRICE_PER_KG, AVERAGE_LIFESPAN, POPULATION_STATUS, DIET, MAIN_PREDATOR) values (97, 'Screamer, crested', 'This animal is a reptile and has a long tail. It is cold-blooded and lays eggs.', 993.21, 2, 9029, 'ram and suction feeders', 'squid');
insert into SPECIES (SPECIE_ID, SPECIE_NAME, SPECIE_DESCRIPTION, PRICE_PER_KG, AVERAGE_LIFESPAN, POPULATION_STATUS, DIET, MAIN_PREDATOR) values (98, 'Echidna, short-beaked', 'This animal is an amphibian and has smooth skin. It can breathe through its skin and lays eggs in water.', 625.56, 9, 9453, 'filter feeders', 'firefly');
insert into SPECIES (SPECIE_ID, SPECIE_NAME, SPECIE_DESCRIPTION, PRICE_PER_KG, AVERAGE_LIFESPAN, POPULATION_STATUS, DIET, MAIN_PREDATOR) values (99, 'Roan antelope', 'This animal is an amphibian and has smooth skin. It can breathe through its skin and lays eggs in water.', 131.71, 17, 7566, 'deposit feeders', 'jellyfish');
insert into SPECIES (SPECIE_ID, SPECIE_NAME, SPECIE_DESCRIPTION, PRICE_PER_KG, AVERAGE_LIFESPAN, POPULATION_STATUS, DIET, MAIN_PREDATOR) values (100, 'Stork, white-necked', 'This animal is a reptile and has a long tail. It is cold-blooded and lays eggs.', 105.27, 20, 6304, 'fructivores', 'coral');
---------------------------------------------------------------------------------------------------------------------------------------------------------------------------------------------------------------------------------------------------------------------------------------------------------------------------------------------

---------------------------------------------------------------------------------------------------------------------------------

insert into EQUIPMENTS(EQUIPMENT_ID, HUNTER_ID, EQUIPMENT_TYPE, EQUIPMENT_NAME, CONDITION, RISK_LEVEL) values (1, 1, 'baggage', 'Decoy Bag', 6, 5);
insert into EQUIPMENTS(EQUIPMENT_ID, HUNTER_ID, EQUIPMENT_TYPE, EQUIPMENT_NAME, CONDITION, RISK_LEVEL) values (2, 2, 'baggage', 'Gun Case', 8, 7);
insert into EQUIPMENTS(EQUIPMENT_ID, HUNTER_ID, EQUIPMENT_TYPE, EQUIPMENT_NAME, CONDITION, RISK_LEVEL) values (3, 3, 'baggage', 'Backpack', 3, 6);
insert into EQUIPMENTS(EQUIPMENT_ID, HUNTER_ID, EQUIPMENT_TYPE, EQUIPMENT_NAME, CONDITION, RISK_LEVEL) values (4, 4, 'baggage', 'Ammo Bag', 4, 5);
insert into EQUIPMENTS(EQUIPMENT_ID, HUNTER_ID, EQUIPMENT_TYPE, EQUIPMENT_NAME, CONDITION, RISK_LEVEL) values (5, 5, 'baggage', 'Rolling Duffel Bag', 7, 5);
insert into EQUIPMENTS(EQUIPMENT_ID, HUNTER_ID, EQUIPMENT_TYPE, EQUIPMENT_NAME, CONDITION, RISK_LEVEL) values (6, 6, 'baggage', 'Rolling Duffel Bag', 2, 9);
insert into EQUIPMENTS(EQUIPMENT_ID, HUNTER_ID, EQUIPMENT_TYPE, EQUIPMENT_NAME, CONDITION, RISK_LEVEL) values (7, 7, 'baggage', 'Rolling Duffel Bag', 7, 2);
insert into EQUIPMENTS(EQUIPMENT_ID, HUNTER_ID, EQUIPMENT_TYPE, EQUIPMENT_NAME, CONDITION, RISK_LEVEL) values (8, 8, 'baggage', 'Gun Case', 1, 7);
insert into EQUIPMENTS(EQUIPMENT_ID, HUNTER_ID, EQUIPMENT_TYPE, EQUIPMENT_NAME, CONDITION, RISK_LEVEL) values (9, 9, 'baggage', 'Rolling Duffel Bag', 7, 1);
insert into EQUIPMENTS(EQUIPMENT_ID, HUNTER_ID, EQUIPMENT_TYPE, EQUIPMENT_NAME, CONDITION, RISK_LEVEL) values (10, 10, 'baggage', 'Rolling Duffel Bag', 5, 3);
insert into EQUIPMENTS(EQUIPMENT_ID, HUNTER_ID, EQUIPMENT_TYPE, EQUIPMENT_NAME, CONDITION, RISK_LEVEL) values (11, 11, 'baggage', 'Rolling Duffel Bag', 7, 8);
insert into EQUIPMENTS(EQUIPMENT_ID, HUNTER_ID, EQUIPMENT_TYPE, EQUIPMENT_NAME, CONDITION, RISK_LEVEL) values (12, 12, 'baggage', 'Duffel Bag', 7, 7);
insert into EQUIPMENTS(EQUIPMENT_ID, HUNTER_ID, EQUIPMENT_TYPE, EQUIPMENT_NAME, CONDITION, RISK_LEVEL) values (13, 13, 'baggage', 'Blind Bag', 7, 9);
insert into EQUIPMENTS(EQUIPMENT_ID, HUNTER_ID, EQUIPMENT_TYPE, EQUIPMENT_NAME, CONDITION, RISK_LEVEL) values (14, 14, 'baggage', 'Gun Case', 4, 1);
insert into EQUIPMENTS(EQUIPMENT_ID, HUNTER_ID, EQUIPMENT_TYPE, EQUIPMENT_NAME, CONDITION, RISK_LEVEL) values (15, 15, 'baggage', 'Backpack', 10, 7);
insert into EQUIPMENTS(EQUIPMENT_ID, HUNTER_ID, EQUIPMENT_TYPE, EQUIPMENT_NAME, CONDITION, RISK_LEVEL) values (16, 16, 'baggage', 'Backpack', 9, 4);
insert into EQUIPMENTS(EQUIPMENT_ID, HUNTER_ID, EQUIPMENT_TYPE, EQUIPMENT_NAME, CONDITION, RISK_LEVEL) values (17, 17, 'baggage', 'Blind Bag', 9, 6);
insert into EQUIPMENTS(EQUIPMENT_ID, HUNTER_ID, EQUIPMENT_TYPE, EQUIPMENT_NAME, CONDITION, RISK_LEVEL) values (18, 18, 'baggage', 'Duffel Bag', 4, 8);
insert into EQUIPMENTS(EQUIPMENT_ID, HUNTER_ID, EQUIPMENT_TYPE, EQUIPMENT_NAME, CONDITION, RISK_LEVEL) values (19, 19, 'baggage', 'Ammo Bag', 10, 5);
insert into EQUIPMENTS(EQUIPMENT_ID, HUNTER_ID, EQUIPMENT_TYPE, EQUIPMENT_NAME, CONDITION, RISK_LEVEL) values (20, 20, 'baggage', 'Hunting Backpack', 3, 2);
insert into EQUIPMENTS(EQUIPMENT_ID, HUNTER_ID, EQUIPMENT_TYPE, EQUIPMENT_NAME, CONDITION, RISK_LEVEL) values (21, 21, 'baggage', 'Decoy Bag', 5, 10);
insert into EQUIPMENTS(EQUIPMENT_ID, HUNTER_ID, EQUIPMENT_TYPE, EQUIPMENT_NAME, CONDITION, RISK_LEVEL) values (22, 22, 'baggage', 'Hunting Backpack', 6, 1);
insert into EQUIPMENTS(EQUIPMENT_ID, HUNTER_ID, EQUIPMENT_TYPE, EQUIPMENT_NAME, CONDITION, RISK_LEVEL) values (23, 23, 'baggage', 'Duffel Bag', 2, 4);
insert into EQUIPMENTS(EQUIPMENT_ID, HUNTER_ID, EQUIPMENT_TYPE, EQUIPMENT_NAME, CONDITION, RISK_LEVEL) values (24, 24, 'baggage', 'Duffel Bag', 1, 5);
insert into EQUIPMENTS(EQUIPMENT_ID, HUNTER_ID, EQUIPMENT_TYPE, EQUIPMENT_NAME, CONDITION, RISK_LEVEL) values (25, 25, 'baggage', 'Decoy Bag', 6, 8);
insert into EQUIPMENTS(EQUIPMENT_ID, HUNTER_ID, EQUIPMENT_TYPE, EQUIPMENT_NAME, CONDITION, RISK_LEVEL) values (26, 26, 'baggage', 'Backpack', 6, 9);
insert into EQUIPMENTS(EQUIPMENT_ID, HUNTER_ID, EQUIPMENT_TYPE, EQUIPMENT_NAME, CONDITION, RISK_LEVEL) values (27, 27, 'baggage', 'Duffel Bag', 7, 5);
insert into EQUIPMENTS(EQUIPMENT_ID, HUNTER_ID, EQUIPMENT_TYPE, EQUIPMENT_NAME, CONDITION, RISK_LEVEL) values (28, 28, 'baggage', 'Rolling Duffel Bag', 6, 9);
insert into EQUIPMENTS(EQUIPMENT_ID, HUNTER_ID, EQUIPMENT_TYPE, EQUIPMENT_NAME, CONDITION, RISK_LEVEL) values (29, 29, 'baggage', 'Rolling Duffel Bag', 7, 4);
insert into EQUIPMENTS(EQUIPMENT_ID, HUNTER_ID, EQUIPMENT_TYPE, EQUIPMENT_NAME, CONDITION, RISK_LEVEL) values (30, 30, 'baggage', 'Blind Bag', 2, 3);
insert into EQUIPMENTS(EQUIPMENT_ID, HUNTER_ID, EQUIPMENT_TYPE, EQUIPMENT_NAME, CONDITION, RISK_LEVEL) values (31, 31, 'baggage', 'Decoy Bag', 3, 9);
insert into EQUIPMENTS(EQUIPMENT_ID, HUNTER_ID, EQUIPMENT_TYPE, EQUIPMENT_NAME, CONDITION, RISK_LEVEL) values (32, 32, 'baggage', 'Tote Bag', 10, 2);
insert into EQUIPMENTS(EQUIPMENT_ID, HUNTER_ID, EQUIPMENT_TYPE, EQUIPMENT_NAME, CONDITION, RISK_LEVEL) values (33, 33, 'baggage', 'Ammo Bag', 1, 10);
-- EQUIPMENTS34
INSERT INTO EQUIPMENTS(EQUIPMENT_ID, HUNTER_ID, EQUIPMENT_TYPE, EQUIPMENT_NAME, CONDITION, RISK_LEVEL)
VALUES (34, 34, 'weapon', 'dagger', 9, 10);

-- EQUIPMENTS35
INSERT INTO EQUIPMENTS(EQUIPMENT_ID, HUNTER_ID, EQUIPMENT_TYPE, EQUIPMENT_NAME, CONDITION, RISK_LEVEL)
VALUES (35, 35, 'weapon', 'sword', 5, 3);

-- EQUIPMENTS36
INSERT INTO EQUIPMENTS(EQUIPMENT_ID, HUNTER_ID, EQUIPMENT_TYPE, EQUIPMENT_NAME, CONDITION, RISK_LEVEL)
VALUES (36, 36, 'weapon', 'whip', 6, 9);

-- EQUIPMENTS37
INSERT INTO EQUIPMENTS(EQUIPMENT_ID, HUNTER_ID, EQUIPMENT_TYPE, EQUIPMENT_NAME, CONDITION, RISK_LEVEL)
VALUES (37, 37, 'weapon', 'bow', 5, 9);

-- EQUIPMENTS38
INSERT INTO EQUIPMENTS(EQUIPMENT_ID, HUNTER_ID, EQUIPMENT_TYPE, EQUIPMENT_NAME, CONDITION, RISK_LEVEL)
VALUES (38, 38, 'weapon', 'club', 1, 4);

-- EQUIPMENTS39
INSERT INTO EQUIPMENTS(EQUIPMENT_ID, HUNTER_ID, EQUIPMENT_TYPE, EQUIPMENT_NAME, CONDITION, RISK_LEVEL)
VALUES (39, 39, 'weapon', 'mace', 5, 4);

-- EQUIPMENTS40
INSERT INTO EQUIPMENTS(EQUIPMENT_ID, HUNTER_ID, EQUIPMENT_TYPE, EQUIPMENT_NAME, CONDITION, RISK_LEVEL)
VALUES (40, 40, 'weapon', 'club', 3, 8);

-- EQUIPMENTS41
INSERT INTO EQUIPMENTS(EQUIPMENT_ID, HUNTER_ID, EQUIPMENT_TYPE, EQUIPMENT_NAME, CONDITION, RISK_LEVEL)
VALUES (41, 41, 'weapon', 'club', 10, 2);

-- EQUIPMENTS42
INSERT INTO EQUIPMENTS(EQUIPMENT_ID, HUNTER_ID, EQUIPMENT_TYPE, EQUIPMENT_NAME, CONDITION, RISK_LEVEL)
VALUES (42, 42, 'weapon', 'sword', 10, 8);

-- EQUIPMENTS43
INSERT INTO EQUIPMENTS(EQUIPMENT_ID, HUNTER_ID, EQUIPMENT_TYPE, EQUIPMENT_NAME, CONDITION, RISK_LEVEL)
VALUES (43, 43, 'weapon', 'mace', 3, 7);

-- EQUIPMENTS44
INSERT INTO EQUIPMENTS(EQUIPMENT_ID, HUNTER_ID, EQUIPMENT_TYPE, EQUIPMENT_NAME, CONDITION, RISK_LEVEL)
VALUES (44, 44, 'weapon', 'dagger', 3, 4);

-- EQUIPMENTS45
INSERT INTO EQUIPMENTS(EQUIPMENT_ID, HUNTER_ID, EQUIPMENT_TYPE, EQUIPMENT_NAME, CONDITION, RISK_LEVEL)
VALUES (45, 45, 'weapon', 'axe', 9, 2);

-- EQUIPMENTS46
INSERT INTO EQUIPMENTS(EQUIPMENT_ID, HUNTER_ID, EQUIPMENT_TYPE, EQUIPMENT_NAME, CONDITION, RISK_LEVEL)
VALUES (46, 46, 'weapon', 'dagger', 7, 4);

-- EQUIPMENTS47
INSERT INTO EQUIPMENTS(EQUIPMENT_ID, HUNTER_ID, EQUIPMENT_TYPE, EQUIPMENT_NAME, CONDITION, RISK_LEVEL)
VALUES (47, 47, 'weapon', 'sword', 3, 1);

-- EQUIPMENTS48
INSERT INTO EQUIPMENTS(EQUIPMENT_ID, HUNTER_ID, EQUIPMENT_TYPE, EQUIPMENT_NAME, CONDITION, RISK_LEVEL)
VALUES (48, 48, 'weapon', 'mace', 3, 7);

-- EQUIPMENTS49
INSERT INTO EQUIPMENTS(EQUIPMENT_ID, HUNTER_ID, EQUIPMENT_TYPE, EQUIPMENT_NAME, CONDITION, RISK_LEVEL)
VALUES (49, 49, 'weapon', 'mace', 8, 1);

-- EQUIPMENTS50
INSERT INTO EQUIPMENTS(EQUIPMENT_ID, HUNTER_ID, EQUIPMENT_TYPE, EQUIPMENT_NAME, CONDITION, RISK_LEVEL)
VALUES (50, 50, 'weapon', 'axe', 3, 5);

-- EQUIPMENTS51
INSERT INTO EQUIPMENTS(EQUIPMENT_ID, HUNTER_ID, EQUIPMENT_TYPE, EQUIPMENT_NAME, CONDITION, RISK_LEVEL)
VALUES (51, 51, 'weapon', 'mace', 8, 1);

-- EQUIPMENTS52
INSERT INTO EQUIPMENTS(EQUIPMENT_ID, HUNTER_ID, EQUIPMENT_TYPE, EQUIPMENT_NAME, CONDITION, RISK_LEVEL)
VALUES (52, 52, 'weapon', 'club', 3, 9);

-- EQUIPMENTS53
INSERT INTO EQUIPMENTS(EQUIPMENT_ID, HUNTER_ID, EQUIPMENT_TYPE, EQUIPMENT_NAME, CONDITION, RISK_LEVEL)
VALUES (53, 53, 'weapon', 'whip', 4, 3);

-- EQUIPMENTS54
INSERT INTO EQUIPMENTS(EQUIPMENT_ID, HUNTER_ID, EQUIPMENT_TYPE, EQUIPMENT_NAME, CONDITION, RISK_LEVEL)
VALUES (54, 54, 'weapon', 'spear', 7, 9);

-- EQUIPMENTS55
INSERT INTO EQUIPMENTS(EQUIPMENT_ID, HUNTER_ID, EQUIPMENT_TYPE, EQUIPMENT_NAME, CONDITION, RISK_LEVEL)
VALUES (55, 55, 'weapon', 'club', 1, 9);

-- EQUIPMENTS56
INSERT INTO EQUIPMENTS(EQUIPMENT_ID, HUNTER_ID, EQUIPMENT_TYPE, EQUIPMENT_NAME, CONDITION, RISK_LEVEL)
VALUES (56, 56, 'weapon', 'bow', 2, 3);

-- EQUIPMENTS57
INSERT INTO EQUIPMENTS(EQUIPMENT_ID, HUNTER_ID, EQUIPMENT_TYPE, EQUIPMENT_NAME, CONDITION, RISK_LEVEL)
VALUES (57, 57, 'weapon', 'mace', 8, 6);

-- EQUIPMENTS58
INSERT INTO EQUIPMENTS(EQUIPMENT_ID, HUNTER_ID, EQUIPMENT_TYPE, EQUIPMENT_NAME, CONDITION, RISK_LEVEL)
VALUES (58, 58, 'weapon', 'bow', 4, 10);

-- EQUIPMENTS59
INSERT INTO EQUIPMENTS(EQUIPMENT_ID, HUNTER_ID, EQUIPMENT_TYPE, EQUIPMENT_NAME, CONDITION, RISK_LEVEL)
VALUES (59, 59, 'weapon', 'club', 4, 8);

-- EQUIPMENTS60
INSERT INTO EQUIPMENTS(EQUIPMENT_ID, HUNTER_ID, EQUIPMENT_TYPE, EQUIPMENT_NAME, CONDITION, RISK_LEVEL)
VALUES (60, 60, 'weapon', 'bow', 7, 8);

-- EQUIPMENTS61
INSERT INTO EQUIPMENTS(EQUIPMENT_ID, HUNTER_ID, EQUIPMENT_TYPE, EQUIPMENT_NAME, CONDITION, RISK_LEVEL)
VALUES (61, 61, 'weapon', 'sword', 1, 9);

-- EQUIPMENTS62
INSERT INTO EQUIPMENTS(EQUIPMENT_ID, HUNTER_ID, EQUIPMENT_TYPE, EQUIPMENT_NAME, CONDITION, RISK_LEVEL)
VALUES (62, 62, 'weapon', 'mace', 9, 10);

-- EQUIPMENTS63
INSERT INTO EQUIPMENTS(EQUIPMENT_ID, HUNTER_ID, EQUIPMENT_TYPE, EQUIPMENT_NAME, CONDITION, RISK_LEVEL)
VALUES (63, 63, 'weapon', 'sword', 9, 3);

-- EQUIPMENTS64
INSERT INTO EQUIPMENTS(EQUIPMENT_ID, HUNTER_ID, EQUIPMENT_TYPE, EQUIPMENT_NAME, CONDITION, RISK_LEVEL)
VALUES (64, 64, 'weapon', 'axe', 5, 4);

-- EQUIPMENTS65
INSERT INTO EQUIPMENTS(EQUIPMENT_ID, HUNTER_ID, EQUIPMENT_TYPE, EQUIPMENT_NAME, CONDITION, RISK_LEVEL)
VALUES (65, 65, 'weapon', 'bow', 10, 6);

-- EQUIPMENTS66
INSERT INTO EQUIPMENTS(EQUIPMENT_ID, HUNTER_ID, EQUIPMENT_TYPE, EQUIPMENT_NAME, CONDITION, RISK_LEVEL)
VALUES (66, 66, 'weapon', 'gun', 10, 8);

-- EQUIPMENTS67
INSERT INTO EQUIPMENTS(EQUIPMENT_ID, HUNTER_ID, EQUIPMENT_TYPE, EQUIPMENT_NAME, CONDITION, RISK_LEVEL)
VALUES (67, 67, 'weapon', 'gun', 5, 5);
----
-- EQUIPMENTS68
INSERT INTO EQUIPMENTS(EQUIPMENT_ID, EQUIPMENT_TYPE, EQUIPMENT_NAME, CONDITION, RISK_LEVEL, HUNTER_ID)
VALUES (68, 'baggage', 'Decoy Bag', 10, 1, 68);

-- EQUIPMENTS69
INSERT INTO EQUIPMENTS(EQUIPMENT_ID, EQUIPMENT_TYPE, EQUIPMENT_NAME, CONDITION, RISK_LEVEL, HUNTER_ID)
VALUES (69, 'baggage', 'Blind Bag', 9, 7, 68);

-- EQUIPMENTS70
INSERT INTO EQUIPMENTS(EQUIPMENT_ID, EQUIPMENT_TYPE, EQUIPMENT_NAME, CONDITION, RISK_LEVEL, HUNTER_ID)
VALUES (70, 'baggage', 'Ammo Bag', 2, 4, 68);

-- EQUIPMENTS71
INSERT INTO EQUIPMENTS(EQUIPMENT_ID, EQUIPMENT_TYPE, EQUIPMENT_NAME, CONDITION, RISK_LEVEL, HUNTER_ID)
VALUES (71, 'baggage', 'Ammo Bag', 6, 4, 68);

-- EQUIPMENTS72
INSERT INTO EQUIPMENTS(EQUIPMENT_ID, EQUIPMENT_TYPE, EQUIPMENT_NAME, CONDITION, RISK_LEVEL, HUNTER_ID)
VALUES (72, 'baggage', 'Bow Case', 7, 7, 68);

-- EQUIPMENTS73
INSERT INTO EQUIPMENTS(EQUIPMENT_ID, EQUIPMENT_TYPE, EQUIPMENT_NAME, CONDITION, RISK_LEVEL, HUNTER_ID)
VALUES (73, 'baggage', 'Blind Bag', 4, 7, 68);

-- EQUIPMENTS74
INSERT INTO EQUIPMENTS(EQUIPMENT_ID, EQUIPMENT_TYPE, EQUIPMENT_NAME, CONDITION, RISK_LEVEL, HUNTER_ID)
VALUES (74, 'baggage', 'Gun Case', 8, 8, 68);

-- EQUIPMENTS75
INSERT INTO EQUIPMENTS(EQUIPMENT_ID, EQUIPMENT_TYPE, EQUIPMENT_NAME, CONDITION, RISK_LEVEL, HUNTER_ID)
VALUES (75, 'baggage', 'Bow Case', 4, 8, 68);

-- EQUIPMENTS76
INSERT INTO EQUIPMENTS(EQUIPMENT_ID, EQUIPMENT_TYPE, EQUIPMENT_NAME, CONDITION, RISK_LEVEL, HUNTER_ID)
VALUES (76, 'baggage', 'Hunting Backpack', 3, 10, 68);

-- EQUIPMENTS77
INSERT INTO EQUIPMENTS(EQUIPMENT_ID, EQUIPMENT_TYPE, EQUIPMENT_NAME, CONDITION, RISK_LEVEL, HUNTER_ID)
VALUES (77, 'baggage', 'Backpack', 10, 5, 68);

-- EQUIPMENTS78
INSERT INTO EQUIPMENTS(EQUIPMENT_ID, EQUIPMENT_TYPE, EQUIPMENT_NAME, CONDITION, RISK_LEVEL, HUNTER_ID)
VALUES (78, 'baggage', 'Backpack', 5, 2, 68);

-- EQUIPMENTS79
INSERT INTO EQUIPMENTS(EQUIPMENT_ID, EQUIPMENT_TYPE, EQUIPMENT_NAME, CONDITION, RISK_LEVEL, HUNTER_ID)
VALUES (79, 'baggage', 'Hunting Backpack', 5, 10, 68);

-- EQUIPMENTS80
INSERT INTO EQUIPMENTS(EQUIPMENT_ID, EQUIPMENT_TYPE, EQUIPMENT_NAME, CONDITION, RISK_LEVEL, HUNTER_ID)
VALUES (80, 'baggage', 'Blind Bag', 9, 9, 68);

-- EQUIPMENTS81
INSERT INTO EQUIPMENTS(EQUIPMENT_ID, EQUIPMENT_TYPE, EQUIPMENT_NAME, CONDITION, RISK_LEVEL, HUNTER_ID)
VALUES (81, 'baggage', 'Backpack', 8, 6, 68);

-- EQUIPMENTS82
INSERT INTO EQUIPMENTS(EQUIPMENT_ID, EQUIPMENT_TYPE, EQUIPMENT_NAME, CONDITION, RISK_LEVEL, HUNTER_ID)
VALUES (82, 'baggage', 'Bow Case', 4, 8, 68);

-- EQUIPMENTS83
INSERT INTO EQUIPMENTS(EQUIPMENT_ID, EQUIPMENT_TYPE, EQUIPMENT_NAME, CONDITION, RISK_LEVEL, HUNTER_ID)
VALUES (83, 'baggage', 'Tote Bag', 1, 2, 68);

-- EQUIPMENTS84
INSERT INTO EQUIPMENTS(EQUIPMENT_ID, EQUIPMENT_TYPE, EQUIPMENT_NAME, CONDITION, RISK_LEVEL, HUNTER_ID)
VALUES (84, 'baggage', 'Backpack', 2, 9, 68);

-- EQUIPMENTS85
INSERT INTO EQUIPMENTS(EQUIPMENT_ID, EQUIPMENT_TYPE, EQUIPMENT_NAME, CONDITION, RISK_LEVEL, HUNTER_ID)
VALUES (85, 'baggage', 'Ammo Bag', 6, 6, 68);

-- EQUIPMENTS86
INSERT INTO EQUIPMENTS(EQUIPMENT_ID, EQUIPMENT_TYPE, EQUIPMENT_NAME, CONDITION, RISK_LEVEL, HUNTER_ID)
VALUES (86, 'baggage', 'Hunting Backpack', 9, 6, 68);

-- EQUIPMENTS87
INSERT INTO EQUIPMENTS(EQUIPMENT_ID, EQUIPMENT_TYPE, EQUIPMENT_NAME, CONDITION, RISK_LEVEL, HUNTER_ID)
VALUES (87, 'baggage', 'Hunting Backpack', 5, 4, 68);

-- EQUIPMENTS88
INSERT INTO EQUIPMENTS(EQUIPMENT_ID, EQUIPMENT_TYPE, EQUIPMENT_NAME, CONDITION, RISK_LEVEL, HUNTER_ID)
VALUES (88, 'baggage', 'Rolling Duffel Bag', 10, 8, 68);

-- EQUIPMENTS89
INSERT INTO EQUIPMENTS(EQUIPMENT_ID, EQUIPMENT_TYPE, EQUIPMENT_NAME, CONDITION, RISK_LEVEL, HUNTER_ID)
VALUES (89, 'baggage', 'Backpack', 7, 3, 68);

-- EQUIPMENTS90
INSERT INTO EQUIPMENTS(EQUIPMENT_ID, EQUIPMENT_TYPE, EQUIPMENT_NAME, CONDITION, RISK_LEVEL, HUNTER_ID)
VALUES (90, 'baggage', 'Rolling Duffel Bag', 10, 1, 68);

-- EQUIPMENTS91
INSERT INTO EQUIPMENTS(EQUIPMENT_ID, EQUIPMENT_TYPE, EQUIPMENT_NAME, CONDITION, RISK_LEVEL, HUNTER_ID)
VALUES (91, 'baggage', 'Gun Case', 3, 10, 68);

-- EQUIPMENTS92
INSERT INTO EQUIPMENTS(EQUIPMENT_ID, EQUIPMENT_TYPE, EQUIPMENT_NAME, CONDITION, RISK_LEVEL, HUNTER_ID)
VALUES (92, 'baggage', 'Rolling Duffel Bag', 2, 8, 68);

-- EQUIPMENTS93
INSERT INTO EQUIPMENTS(EQUIPMENT_ID, EQUIPMENT_TYPE, EQUIPMENT_NAME, CONDITION, RISK_LEVEL, HUNTER_ID)
VALUES (93, 'baggage', 'Hunting Backpack', 7, 6, 68);

-- EQUIPMENTS94
INSERT INTO EQUIPMENTS(EQUIPMENT_ID, EQUIPMENT_TYPE, EQUIPMENT_NAME, CONDITION, RISK_LEVEL, HUNTER_ID)
VALUES (94, 'baggage', 'Ammo Bag', 4, 5, 68);

-- EQUIPMENTS95
INSERT INTO EQUIPMENTS(EQUIPMENT_ID, EQUIPMENT_TYPE, EQUIPMENT_NAME, CONDITION, RISK_LEVEL, HUNTER_ID)
VALUES (95, 'baggage', 'Decoy Bag', 5, 9, 68);

-- EQUIPMENTS96
INSERT INTO EQUIPMENTS(EQUIPMENT_ID, EQUIPMENT_TYPE, EQUIPMENT_NAME, CONDITION, RISK_LEVEL, HUNTER_ID)
VALUES (96, 'baggage', 'Backpack', 2, 1, 68);

-- EQUIPMENTS97
INSERT INTO EQUIPMENTS(EQUIPMENT_ID, EQUIPMENT_TYPE, EQUIPMENT_NAME, CONDITION, RISK_LEVEL, HUNTER_ID)
VALUES (97, 'baggage', 'Bow Case', 5, 1, 68);

-- EQUIPMENTS98
INSERT INTO EQUIPMENTS(EQUIPMENT_ID, EQUIPMENT_TYPE, EQUIPMENT_NAME, CONDITION, RISK_LEVEL, HUNTER_ID)
VALUES (98, 'baggage', 'Bow Case', 8, 6, 68);

-- EQUIPMENTS99
INSERT INTO EQUIPMENTS(EQUIPMENT_ID, EQUIPMENT_TYPE, EQUIPMENT_NAME, CONDITION, RISK_LEVEL, HUNTER_ID)
VALUES (99, 'baggage', 'Backpack', 1, 9, 68);
-- EQUIPMENTS100
INSERT INTO EQUIPMENTS(EQUIPMENT_ID, HUNTER_ID, EQUIPMENT_TYPE, EQUIPMENT_NAME, CONDITION, RISK_LEVEL)
VALUES (100, 100, 'weapon', 'axe', 9, 2);

-----------------------------------------------------------------------------------------------------------------------------------------------



-----------------------------------------------------------------------------------------------------------------------------------------------
insert into LOCATIONS (LOCATION_ID, LOCATION_NAME, LOCATION_DESCRIPTION, CLIMATE, MAX_TEMPERATURE, MIN_TEMPERATURE, RAINY_DAYS, ALTITUDE, TERRAIN_TYPE, NEAREST_TOWN) values (1, 'Kobuk Valley National Park', 'Alberta Prairies', 'Desert', 23, -19, 16, 9014, 'mountain', 'Hillcrest');
insert into LOCATIONS (LOCATION_ID, LOCATION_NAME, LOCATION_DESCRIPTION, CLIMATE, MAX_TEMPERATURE, MIN_TEMPERATURE, RAINY_DAYS, ALTITUDE, TERRAIN_TYPE, NEAREST_TOWN) values (2, 'Acadia National Park', 'California Wine Country', 'Mediterranean', 33, 4, 11, 5269, 'desert', 'Summerfield');
insert into LOCATIONS (LOCATION_ID, LOCATION_NAME, LOCATION_DESCRIPTION, CLIMATE, MAX_TEMPERATURE, MIN_TEMPERATURE, RAINY_DAYS, ALTITUDE, TERRAIN_TYPE, NEAREST_TOWN) values (3, 'Katmai National Park and Preserve', 'Pennsylvania Countryside', 'Savanna', 36, -4, 6, 2822, 'ocean', 'Cedarville');
insert into LOCATIONS (LOCATION_ID, LOCATION_NAME, LOCATION_DESCRIPTION, CLIMATE, MAX_TEMPERATURE, MIN_TEMPERATURE, RAINY_DAYS, ALTITUDE, TERRAIN_TYPE, NEAREST_TOWN) values (4, 'Great Smoky Mountains National Park', 'Nevada Deserts', 'Savanna', 31, 2, 11, 9756, 'beach', 'Eastwood');
insert into LOCATIONS (LOCATION_ID, LOCATION_NAME, LOCATION_DESCRIPTION, CLIMATE, MAX_TEMPERATURE, MIN_TEMPERATURE, RAINY_DAYS, ALTITUDE, TERRAIN_TYPE, NEAREST_TOWN) values (5, 'Olympic National Park', 'Indiana Farmland', 'Marine west coast', 14, 7, 10, 3746, 'grassland', 'Unionville');
insert into LOCATIONS (LOCATION_ID, LOCATION_NAME, LOCATION_DESCRIPTION, CLIMATE, MAX_TEMPERATURE, MIN_TEMPERATURE, RAINY_DAYS, ALTITUDE, TERRAIN_TYPE, NEAREST_TOWN) values (6, 'Kobuk Valley National Park', 'Indiana Farmland', 'Subarctic', 22, 20, 12, 4451, 'swamp', 'Springfield');
insert into LOCATIONS (LOCATION_ID, LOCATION_NAME, LOCATION_DESCRIPTION, CLIMATE, MAX_TEMPERATURE, MIN_TEMPERATURE, RAINY_DAYS, ALTITUDE, TERRAIN_TYPE, NEAREST_TOWN) values (7, 'Kenai Fjords National Park', 'Pacific Northwest', 'Tundra', 38, -13, 27, 9329, 'mountain', 'Laurelton');
insert into LOCATIONS (LOCATION_ID, LOCATION_NAME, LOCATION_DESCRIPTION, CLIMATE, MAX_TEMPERATURE, MIN_TEMPERATURE, RAINY_DAYS, ALTITUDE, TERRAIN_TYPE, NEAREST_TOWN) values (8, 'Denali National Park and Preserve', 'California Wine Country', 'Desert', 33, 0, 16, 951, 'desert', 'Elmwood');
insert into LOCATIONS (LOCATION_ID, LOCATION_NAME, LOCATION_DESCRIPTION, CLIMATE, MAX_TEMPERATURE, MIN_TEMPERATURE, RAINY_DAYS, ALTITUDE, TERRAIN_TYPE, NEAREST_TOWN) values (9, 'Guadalupe Mountains National Park', 'North Carolina Forests', 'Savanna', 27, 17, 6, 4770, 'beach', 'Sunnydale');
insert into LOCATIONS (LOCATION_ID, LOCATION_NAME, LOCATION_DESCRIPTION, CLIMATE, MAX_TEMPERATURE, MIN_TEMPERATURE, RAINY_DAYS, ALTITUDE, TERRAIN_TYPE, NEAREST_TOWN) values (10, 'Pinnacles National Park', 'Utah Canyons', 'Tropical rainforest', 27, 4, 22, 7600, 'cave', 'Westwood');
insert into LOCATIONS (LOCATION_ID, LOCATION_NAME, LOCATION_DESCRIPTION, CLIMATE, MAX_TEMPERATURE, MIN_TEMPERATURE, RAINY_DAYS, ALTITUDE, TERRAIN_TYPE, NEAREST_TOWN) values (11, 'Congaree National Park', 'Rocky Mountain Foothills', 'Marine west coast', 28, -3, 16, 6670, 'jungle', 'Palm Springs');
insert into LOCATIONS (LOCATION_ID, LOCATION_NAME, LOCATION_DESCRIPTION, CLIMATE, MAX_TEMPERATURE, MIN_TEMPERATURE, RAINY_DAYS, ALTITUDE, TERRAIN_TYPE, NEAREST_TOWN) values (12, 'Yosemite National Park', 'Indiana Farmland', 'Marine west coast', 36, 13, 28, 1096, 'jungle', 'Laurelton');
insert into LOCATIONS (LOCATION_ID, LOCATION_NAME, LOCATION_DESCRIPTION, CLIMATE, MAX_TEMPERATURE, MIN_TEMPERATURE, RAINY_DAYS, ALTITUDE, TERRAIN_TYPE, NEAREST_TOWN) values (13, 'Theodore Roosevelt National Park', 'Vermont Countryside', 'Desert', 11, -5, 22, 1993, 'mountain', 'Fernwood');
insert into LOCATIONS (LOCATION_ID, LOCATION_NAME, LOCATION_DESCRIPTION, CLIMATE, MAX_TEMPERATURE, MIN_TEMPERATURE, RAINY_DAYS, ALTITUDE, TERRAIN_TYPE, NEAREST_TOWN) values (14, 'North Cascades National Park', 'Midwest Forests', 'Humid continental', 37, -17, 22, 5478, 'grassland', 'Highland');
insert into LOCATIONS (LOCATION_ID, LOCATION_NAME, LOCATION_DESCRIPTION, CLIMATE, MAX_TEMPERATURE, MIN_TEMPERATURE, RAINY_DAYS, ALTITUDE, TERRAIN_TYPE, NEAREST_TOWN) values (15, 'Haleakala National Park', 'Idaho Wilderness', 'Desert', 10, -4, 19, 1467, 'jungle', 'Hickory Grove');
insert into LOCATIONS (LOCATION_ID, LOCATION_NAME, LOCATION_DESCRIPTION, CLIMATE, MAX_TEMPERATURE, MIN_TEMPERATURE, RAINY_DAYS, ALTITUDE, TERRAIN_TYPE, NEAREST_TOWN) values (16, 'Hot Springs National Park', 'Rocky Mountains', 'Tropical rainforest', 28, 4, 18, 3652, 'tundra', 'Lighthouse Point');
insert into LOCATIONS (LOCATION_ID, LOCATION_NAME, LOCATION_DESCRIPTION, CLIMATE, MAX_TEMPERATURE, MIN_TEMPERATURE, RAINY_DAYS, ALTITUDE, TERRAIN_TYPE, NEAREST_TOWN) values (17, 'Canyonlands National Park', 'Illinois Prairies', 'Marine west coast', 34, 18, 5, 8648, 'tundra', 'Glenwood');
insert into LOCATIONS (LOCATION_ID, LOCATION_NAME, LOCATION_DESCRIPTION, CLIMATE, MAX_TEMPERATURE, MIN_TEMPERATURE, RAINY_DAYS, ALTITUDE, TERRAIN_TYPE, NEAREST_TOWN) values (18, 'Capitol Reef National Park', 'Quebec Countryside', 'Desert', 30, 2, 10, 9245, 'beach', 'Sycamore');
insert into LOCATIONS (LOCATION_ID, LOCATION_NAME, LOCATION_DESCRIPTION, CLIMATE, MAX_TEMPERATURE, MIN_TEMPERATURE, RAINY_DAYS, ALTITUDE, TERRAIN_TYPE, NEAREST_TOWN) values (19, 'Yellowstone National Park', 'Rocky Mountain Foothills', 'Savanna', 23, 11, 10, 3962, 'ocean', 'Southwood');
insert into LOCATIONS (LOCATION_ID, LOCATION_NAME, LOCATION_DESCRIPTION, CLIMATE, MAX_TEMPERATURE, MIN_TEMPERATURE, RAINY_DAYS, ALTITUDE, TERRAIN_TYPE, NEAREST_TOWN) values (20, 'North Cascades National Park', 'Missouri Ozarks', 'Marine west coast', 18, -15, 2, 3745, 'cave', 'Summerfield');
insert into LOCATIONS (LOCATION_ID, LOCATION_NAME, LOCATION_DESCRIPTION, CLIMATE, MAX_TEMPERATURE, MIN_TEMPERATURE, RAINY_DAYS, ALTITUDE, TERRAIN_TYPE, NEAREST_TOWN) values (21, 'Cuyahoga Valley National Park', 'Northern California Redwoods', 'Savanna', 40, -18, 3, 3586, 'ocean', 'Ridgeview');
insert into LOCATIONS (LOCATION_ID, LOCATION_NAME, LOCATION_DESCRIPTION, CLIMATE, MAX_TEMPERATURE, MIN_TEMPERATURE, RAINY_DAYS, ALTITUDE, TERRAIN_TYPE, NEAREST_TOWN) values (22, 'Glacier National Park', 'New England Countryside', 'Humid continental', 33, -4, 12, 5826, 'grassland', 'Maplewood');
insert into LOCATIONS (LOCATION_ID, LOCATION_NAME, LOCATION_DESCRIPTION, CLIMATE, MAX_TEMPERATURE, MIN_TEMPERATURE, RAINY_DAYS, ALTITUDE, TERRAIN_TYPE, NEAREST_TOWN) values (23, 'Pinnacles National Park', 'New Mexico Badlands', 'Tundra', 11, -1, 15, 1037, 'tundra', 'Oakland');
insert into LOCATIONS (LOCATION_ID, LOCATION_NAME, LOCATION_DESCRIPTION, CLIMATE, MAX_TEMPERATURE, MIN_TEMPERATURE, RAINY_DAYS, ALTITUDE, TERRAIN_TYPE, NEAREST_TOWN) values (24, 'Grand Teton National Park', 'Missouri Ozarks', 'Mediterranean', 15, 20, 20, 7828, 'mountain', 'Elmwood');
insert into LOCATIONS (LOCATION_ID, LOCATION_NAME, LOCATION_DESCRIPTION, CLIMATE, MAX_TEMPERATURE, MIN_TEMPERATURE, RAINY_DAYS, ALTITUDE, TERRAIN_TYPE, NEAREST_TOWN) values (25, 'Big Bend National Park', 'Appalachian Mountains', 'Tundra', 37, -10, 10, 8486, 'tundra', 'Ivydale');
insert into LOCATIONS (LOCATION_ID, LOCATION_NAME, LOCATION_DESCRIPTION, CLIMATE, MAX_TEMPERATURE, MIN_TEMPERATURE, RAINY_DAYS, ALTITUDE, TERRAIN_TYPE, NEAREST_TOWN) values (26, 'Yellowstone National Park', 'Quebec Countryside', 'Tropical rainforest', 21, -19, 29, 4815, 'ocean', 'Riverside');
insert into LOCATIONS (LOCATION_ID, LOCATION_NAME, LOCATION_DESCRIPTION, CLIMATE, MAX_TEMPERATURE, MIN_TEMPERATURE, RAINY_DAYS, ALTITUDE, TERRAIN_TYPE, NEAREST_TOWN) values (27, 'Rocky Mountain National Park', 'New Mexico Badlands', 'Subarctic', 14, -2, 26, 9954, 'swamp', 'Cypress Point');
insert into LOCATIONS (LOCATION_ID, LOCATION_NAME, LOCATION_DESCRIPTION, CLIMATE, MAX_TEMPERATURE, MIN_TEMPERATURE, RAINY_DAYS, ALTITUDE, TERRAIN_TYPE, NEAREST_TOWN) values (28, 'Virgin Islands National Park', 'Minnesota Lakes', 'Mediterranean', 24, -18, 20, 9994, 'jungle', 'Cherryville');
insert into LOCATIONS (LOCATION_ID, LOCATION_NAME, LOCATION_DESCRIPTION, CLIMATE, MAX_TEMPERATURE, MIN_TEMPERATURE, RAINY_DAYS, ALTITUDE, TERRAIN_TYPE, NEAREST_TOWN) values (29, 'Isle Royale National Park', 'Appalachian Mountains', 'Tundra', 14, -1, 20, 450, 'beach', 'Alpine');
insert into LOCATIONS (LOCATION_ID, LOCATION_NAME, LOCATION_DESCRIPTION, CLIMATE, MAX_TEMPERATURE, MIN_TEMPERATURE, RAINY_DAYS, ALTITUDE, TERRAIN_TYPE, NEAREST_TOWN) values (30, 'Guadalupe Mountains National Park', 'Northeastern Woodlands', 'Marine west coast', 15, 12, 4, 7997, 'beach', 'Hawthorne');
insert into LOCATIONS (LOCATION_ID, LOCATION_NAME, LOCATION_DESCRIPTION, CLIMATE, MAX_TEMPERATURE, MIN_TEMPERATURE, RAINY_DAYS, ALTITUDE, TERRAIN_TYPE, NEAREST_TOWN) values (31, 'Grand Teton National Park', 'Appalachian Mountains', 'Subarctic', 39, -15, 1, 3789, 'grassland', 'Willow Creek');
insert into LOCATIONS (LOCATION_ID, LOCATION_NAME, LOCATION_DESCRIPTION, CLIMATE, MAX_TEMPERATURE, MIN_TEMPERATURE, RAINY_DAYS, ALTITUDE, TERRAIN_TYPE, NEAREST_TOWN) values (32, 'Cuyahoga Valley National Park', 'California Wine Country', 'Humid subtropical', 39, -11, 3, 607, 'swamp', 'Oceanview');
insert into LOCATIONS (LOCATION_ID, LOCATION_NAME, LOCATION_DESCRIPTION, CLIMATE, MAX_TEMPERATURE, MIN_TEMPERATURE, RAINY_DAYS, ALTITUDE, TERRAIN_TYPE, NEAREST_TOWN) values (33, 'Grand Teton National Park', 'Nova Scotia Coast', 'Desert', 14, -14, 11, 4178, 'forest', 'Northwood');
insert into LOCATIONS (LOCATION_ID, LOCATION_NAME, LOCATION_DESCRIPTION, CLIMATE, MAX_TEMPERATURE, MIN_TEMPERATURE, RAINY_DAYS, ALTITUDE, TERRAIN_TYPE, NEAREST_TOWN) values (34, 'Mount Rainier National Park', 'Connecticut Countryside', 'Tropical rainforest', 27, -2, 13, 6411, 'ocean', 'Meadowlark');
insert into LOCATIONS (LOCATION_ID, LOCATION_NAME, LOCATION_DESCRIPTION, CLIMATE, MAX_TEMPERATURE, MIN_TEMPERATURE, RAINY_DAYS, ALTITUDE, TERRAIN_TYPE, NEAREST_TOWN) values (35, 'Sequoia National Park', 'Southern Swamps', 'Mediterranean', 12, -12, 9, 4193, 'jungle', 'Meadowlark');
insert into LOCATIONS (LOCATION_ID, LOCATION_NAME, LOCATION_DESCRIPTION, CLIMATE, MAX_TEMPERATURE, MIN_TEMPERATURE, RAINY_DAYS, ALTITUDE, TERRAIN_TYPE, NEAREST_TOWN) values (36, 'Canyonlands National Park', 'Alberta Prairies', 'Ice cap', 36, 9, 20, 8662, 'tundra', 'Glenwood');
insert into LOCATIONS (LOCATION_ID, LOCATION_NAME, LOCATION_DESCRIPTION, CLIMATE, MAX_TEMPERATURE, MIN_TEMPERATURE, RAINY_DAYS, ALTITUDE, TERRAIN_TYPE, NEAREST_TOWN) values (37, 'Gates of the Arctic National Park and Preserve', 'Rocky Mountains', 'Mediterranean', 10, 2, 25, 8590, 'desert', 'Cypress Point');
insert into LOCATIONS (LOCATION_ID, LOCATION_NAME, LOCATION_DESCRIPTION, CLIMATE, MAX_TEMPERATURE, MIN_TEMPERATURE, RAINY_DAYS, ALTITUDE, TERRAIN_TYPE, NEAREST_TOWN) values (38, 'Haleakala National Park', 'Maryland Countryside', 'Humid subtropical', 29, -17, 9, 7081, 'cave', 'Newport');
insert into LOCATIONS (LOCATION_ID, LOCATION_NAME, LOCATION_DESCRIPTION, CLIMATE, MAX_TEMPERATURE, MIN_TEMPERATURE, RAINY_DAYS, ALTITUDE, TERRAIN_TYPE, NEAREST_TOWN) values (39, 'Grand Canyon National Park', 'Washington Rainforests', 'Savanna', 34, -18, 1, 2543, 'forest', 'Bayside');
insert into LOCATIONS (LOCATION_ID, LOCATION_NAME, LOCATION_DESCRIPTION, CLIMATE, MAX_TEMPERATURE, MIN_TEMPERATURE, RAINY_DAYS, ALTITUDE, TERRAIN_TYPE, NEAREST_TOWN) values (40, 'Sequoia National Park', 'Pacific Northwest', 'Humid subtropical', 11, 7, 12, 8987, 'ocean', 'Newport');
insert into LOCATIONS (LOCATION_ID, LOCATION_NAME, LOCATION_DESCRIPTION, CLIMATE, MAX_TEMPERATURE, MIN_TEMPERATURE, RAINY_DAYS, ALTITUDE, TERRAIN_TYPE, NEAREST_TOWN) values (41, 'Capitol Reef National Park', 'Rhode Island Beaches', 'Savanna', 16, 1, 5, 838, 'cave', 'Newport');
insert into LOCATIONS (LOCATION_ID, LOCATION_NAME, LOCATION_DESCRIPTION, CLIMATE, MAX_TEMPERATURE, MIN_TEMPERATURE, RAINY_DAYS, ALTITUDE, TERRAIN_TYPE, NEAREST_TOWN) values (42, 'Haleakala National Park', 'Maine Coastline', 'Desert', 10, 1, 17, 3708, 'ocean', 'Grandview');
insert into LOCATIONS (LOCATION_ID, LOCATION_NAME, LOCATION_DESCRIPTION, CLIMATE, MAX_TEMPERATURE, MIN_TEMPERATURE, RAINY_DAYS, ALTITUDE, TERRAIN_TYPE, NEAREST_TOWN) values (43, 'Joshua Tree National Park', 'Washington Rainforests', 'Marine west coast', 28, -5, 17, 8135, 'swamp', 'Crestview');
insert into LOCATIONS (LOCATION_ID, LOCATION_NAME, LOCATION_DESCRIPTION, CLIMATE, MAX_TEMPERATURE, MIN_TEMPERATURE, RAINY_DAYS, ALTITUDE, TERRAIN_TYPE, NEAREST_TOWN) values (44, 'Virgin Islands National Park', 'Delaware Beaches', 'Marine west coast', 26, -8, 13, 450, 'jungle', 'Maplewood');
insert into LOCATIONS (LOCATION_ID, LOCATION_NAME, LOCATION_DESCRIPTION, CLIMATE, MAX_TEMPERATURE, MIN_TEMPERATURE, RAINY_DAYS, ALTITUDE, TERRAIN_TYPE, NEAREST_TOWN) values (45, 'Grand Teton National Park', 'Maryland Countryside', 'Tundra', 29, 5, 27, 9435, 'tundra', 'Queensland');
insert into LOCATIONS (LOCATION_ID, LOCATION_NAME, LOCATION_DESCRIPTION, CLIMATE, MAX_TEMPERATURE, MIN_TEMPERATURE, RAINY_DAYS, ALTITUDE, TERRAIN_TYPE, NEAREST_TOWN) values (46, 'Lake Clark National Park and Preserve', 'South Carolina Lowcountry', 'Marine west coast', 40, 14, 22, 4801, 'mountain', 'Cypress Point');
insert into LOCATIONS (LOCATION_ID, LOCATION_NAME, LOCATION_DESCRIPTION, CLIMATE, MAX_TEMPERATURE, MIN_TEMPERATURE, RAINY_DAYS, ALTITUDE, TERRAIN_TYPE, NEAREST_TOWN) values (47, 'Mount Rainier National Park', 'Minnesota North Shore', 'Ice cap', 38, -14, 2, 5031, 'cave', 'Central City');
insert into LOCATIONS (LOCATION_ID, LOCATION_NAME, LOCATION_DESCRIPTION, CLIMATE, MAX_TEMPERATURE, MIN_TEMPERATURE, RAINY_DAYS, ALTITUDE, TERRAIN_TYPE, NEAREST_TOWN) values (48, 'Kobuk Valley National Park', 'Ontario Countryside', 'Desert', 35, 17, 24, 9901, 'beach', 'Meadowlark');
insert into LOCATIONS (LOCATION_ID, LOCATION_NAME, LOCATION_DESCRIPTION, CLIMATE, MAX_TEMPERATURE, MIN_TEMPERATURE, RAINY_DAYS, ALTITUDE, TERRAIN_TYPE, NEAREST_TOWN) values (49, 'Capitol Reef National Park', 'Missouri Ozarks', 'Mediterranean', 13, 1, 10, 9297, 'ocean', 'Twin Lakes');
insert into LOCATIONS (LOCATION_ID, LOCATION_NAME, LOCATION_DESCRIPTION, CLIMATE, MAX_TEMPERATURE, MIN_TEMPERATURE, RAINY_DAYS, ALTITUDE, TERRAIN_TYPE, NEAREST_TOWN) values (50, 'Yosemite National Park', 'Hawaii Volcanoes', 'Tropical rainforest', 19, -18, 5, 9185, 'beach', 'Seaside');
insert into LOCATIONS (LOCATION_ID, LOCATION_NAME, LOCATION_DESCRIPTION, CLIMATE, MAX_TEMPERATURE, MIN_TEMPERATURE, RAINY_DAYS, ALTITUDE, TERRAIN_TYPE, NEAREST_TOWN) values (51, 'Saguaro National Park', 'Quebec Countryside', 'Tundra', 39, 3, 5, 9141, 'beach', 'Meadowview');
insert into LOCATIONS (LOCATION_ID, LOCATION_NAME, LOCATION_DESCRIPTION, CLIMATE, MAX_TEMPERATURE, MIN_TEMPERATURE, RAINY_DAYS, ALTITUDE, TERRAIN_TYPE, NEAREST_TOWN) values (52, 'Rocky Mountain National Park', 'New York Adirondacks', 'Savanna', 14, -13, 5, 7114, 'desert', 'Rosewood');
insert into LOCATIONS (LOCATION_ID, LOCATION_NAME, LOCATION_DESCRIPTION, CLIMATE, MAX_TEMPERATURE, MIN_TEMPERATURE, RAINY_DAYS, ALTITUDE, TERRAIN_TYPE, NEAREST_TOWN) values (53, 'Yosemite National Park', 'British Columbia Coast', 'Tropical rainforest', 23, 3, 21, 7516, 'ocean', 'Eastwood');
insert into LOCATIONS (LOCATION_ID, LOCATION_NAME, LOCATION_DESCRIPTION, CLIMATE, MAX_TEMPERATURE, MIN_TEMPERATURE, RAINY_DAYS, ALTITUDE, TERRAIN_TYPE, NEAREST_TOWN) values (54, 'Badlands National Park', 'Alberta Rockies', 'Marine west coast', 39, 11, 11, 7267, 'swamp', 'Meadowview');
insert into LOCATIONS (LOCATION_ID, LOCATION_NAME, LOCATION_DESCRIPTION, CLIMATE, MAX_TEMPERATURE, MIN_TEMPERATURE, RAINY_DAYS, ALTITUDE, TERRAIN_TYPE, NEAREST_TOWN) values (55, 'Bryce Canyon National Park', 'Alberta Rockies', 'Humid subtropical', 39, -7, 21, 1431, 'cave', 'Sunnydale');
insert into LOCATIONS (LOCATION_ID, LOCATION_NAME, LOCATION_DESCRIPTION, CLIMATE, MAX_TEMPERATURE, MIN_TEMPERATURE, RAINY_DAYS, ALTITUDE, TERRAIN_TYPE, NEAREST_TOWN) values (56, 'Lake Clark National Park and Preserve', 'Minnesota Lakes', 'Desert', 14, 15, 14, 5729, 'jungle', 'Garden City');
insert into LOCATIONS (LOCATION_ID, LOCATION_NAME, LOCATION_DESCRIPTION, CLIMATE, MAX_TEMPERATURE, MIN_TEMPERATURE, RAINY_DAYS, ALTITUDE, TERRAIN_TYPE, NEAREST_TOWN) values (57, 'Kobuk Valley National Park', 'Michigan Forests', 'Tropical rainforest', 10, -14, 7, 2208, 'ocean', 'Bayside');
insert into LOCATIONS (LOCATION_ID, LOCATION_NAME, LOCATION_DESCRIPTION, CLIMATE, MAX_TEMPERATURE, MIN_TEMPERATURE, RAINY_DAYS, ALTITUDE, TERRAIN_TYPE, NEAREST_TOWN) values (58, 'Crater Lake National Park', 'Rhode Island Beaches', 'Savanna', 18, -18, 14, 7684, 'jungle', 'Queensland');
insert into LOCATIONS (LOCATION_ID, LOCATION_NAME, LOCATION_DESCRIPTION, CLIMATE, MAX_TEMPERATURE, MIN_TEMPERATURE, RAINY_DAYS, ALTITUDE, TERRAIN_TYPE, NEAREST_TOWN) values (59, 'Zion National Park', 'Alberta Rockies', 'Subarctic', 16, 5, 2, 3019, 'tundra', 'Westwood');
insert into LOCATIONS (LOCATION_ID, LOCATION_NAME, LOCATION_DESCRIPTION, CLIMATE, MAX_TEMPERATURE, MIN_TEMPERATURE, RAINY_DAYS, ALTITUDE, TERRAIN_TYPE, NEAREST_TOWN) values (60, 'Rocky Mountain National Park', 'Southern Swamps', 'Tundra', 30, 5, 14, 2398, 'cave', 'Central City');
insert into LOCATIONS (LOCATION_ID, LOCATION_NAME, LOCATION_DESCRIPTION, CLIMATE, MAX_TEMPERATURE, MIN_TEMPERATURE, RAINY_DAYS, ALTITUDE, TERRAIN_TYPE, NEAREST_TOWN) values (61, 'Wind Cave National Park', 'Mississippi Delta', 'Marine west coast', 35, 16, 8, 8419, 'jungle', 'Chestnut Hill');
insert into LOCATIONS (LOCATION_ID, LOCATION_NAME, LOCATION_DESCRIPTION, CLIMATE, MAX_TEMPERATURE, MIN_TEMPERATURE, RAINY_DAYS, ALTITUDE, TERRAIN_TYPE, NEAREST_TOWN) values (62, 'Cape Cod National Seashore', 'Quebec Countryside', 'Savanna', 32, 15, 8, 8103, 'ocean', 'Brookdale');
insert into LOCATIONS (LOCATION_ID, LOCATION_NAME, LOCATION_DESCRIPTION, CLIMATE, MAX_TEMPERATURE, MIN_TEMPERATURE, RAINY_DAYS, ALTITUDE, TERRAIN_TYPE, NEAREST_TOWN) values (63, 'Olympic National Park', 'Vermont Countryside', 'Mediterranean', 22, 15, 29, 2137, 'grassland', 'Woodland');
insert into LOCATIONS (LOCATION_ID, LOCATION_NAME, LOCATION_DESCRIPTION, CLIMATE, MAX_TEMPERATURE, MIN_TEMPERATURE, RAINY_DAYS, ALTITUDE, TERRAIN_TYPE, NEAREST_TOWN) values (64, 'Rocky Mountain National Park', 'Alberta Rockies', 'Ice cap', 33, -2, 18, 5359, 'cave', 'Glenwood');
insert into LOCATIONS (LOCATION_ID, LOCATION_NAME, LOCATION_DESCRIPTION, CLIMATE, MAX_TEMPERATURE, MIN_TEMPERATURE, RAINY_DAYS, ALTITUDE, TERRAIN_TYPE, NEAREST_TOWN) values (65, 'Mammoth Cave National Park', 'Oklahoma Prairies', 'Marine west coast', 39, -9, 1, 2332, 'beach', 'Fernwood');
insert into LOCATIONS (LOCATION_ID, LOCATION_NAME, LOCATION_DESCRIPTION, CLIMATE, MAX_TEMPERATURE, MIN_TEMPERATURE, RAINY_DAYS, ALTITUDE, TERRAIN_TYPE, NEAREST_TOWN) values (66, 'Gates of the Arctic National Park and Preserve', 'Florida Everglades', 'Mediterranean', 35, -9, 17, 4995, 'cave', 'Valleyview');
insert into LOCATIONS (LOCATION_ID, LOCATION_NAME, LOCATION_DESCRIPTION, CLIMATE, MAX_TEMPERATURE, MIN_TEMPERATURE, RAINY_DAYS, ALTITUDE, TERRAIN_TYPE, NEAREST_TOWN) values (67, 'Haleakala National Park', 'Wisconsin Northwoods', 'Tropical rainforest', 29, 20, 3, 5777, 'tundra', 'Edgewater');
insert into LOCATIONS (LOCATION_ID, LOCATION_NAME, LOCATION_DESCRIPTION, CLIMATE, MAX_TEMPERATURE, MIN_TEMPERATURE, RAINY_DAYS, ALTITUDE, TERRAIN_TYPE, NEAREST_TOWN) values (68, 'Badlands National Park', 'Great Plains', 'Desert', 38, 14, 8, 2233, 'desert', 'Hillcrest');
insert into LOCATIONS (LOCATION_ID, LOCATION_NAME, LOCATION_DESCRIPTION, CLIMATE, MAX_TEMPERATURE, MIN_TEMPERATURE, RAINY_DAYS, ALTITUDE, TERRAIN_TYPE, NEAREST_TOWN) values (69, 'Capitol Reef National Park', 'Prince Edward Island Beaches', 'Savanna', 19, -6, 14, 3172, 'forest', 'Yorkshire');
insert into LOCATIONS (LOCATION_ID, LOCATION_NAME, LOCATION_DESCRIPTION, CLIMATE, MAX_TEMPERATURE, MIN_TEMPERATURE, RAINY_DAYS, ALTITUDE, TERRAIN_TYPE, NEAREST_TOWN) values (70, 'Congaree National Park', 'Quebec Countryside', 'Subarctic', 18, 9, 15, 4549, 'ocean', 'Palm Springs');
insert into LOCATIONS (LOCATION_ID, LOCATION_NAME, LOCATION_DESCRIPTION, CLIMATE, MAX_TEMPERATURE, MIN_TEMPERATURE, RAINY_DAYS, ALTITUDE, TERRAIN_TYPE, NEAREST_TOWN) values (71, 'Voyageurs National Park', 'Alberta Rockies', 'Humid continental', 28, 7, 12, 8167, 'swamp', 'Magnolia');
insert into LOCATIONS (LOCATION_ID, LOCATION_NAME, LOCATION_DESCRIPTION, CLIMATE, MAX_TEMPERATURE, MIN_TEMPERATURE, RAINY_DAYS, ALTITUDE, TERRAIN_TYPE, NEAREST_TOWN) values (72, 'Yosemite National Park', 'Georgia Mountains', 'Ice cap', 26, -18, 30, 7122, 'cave', 'Pleasantville');
insert into LOCATIONS (LOCATION_ID, LOCATION_NAME, LOCATION_DESCRIPTION, CLIMATE, MAX_TEMPERATURE, MIN_TEMPERATURE, RAINY_DAYS, ALTITUDE, TERRAIN_TYPE, NEAREST_TOWN) values (73, 'Death Valley National Park', 'Alaskan Wilderness', 'Humid continental', 38, 6, 22, 7029, 'mountain', 'Xenia');
insert into LOCATIONS (LOCATION_ID, LOCATION_NAME, LOCATION_DESCRIPTION, CLIMATE, MAX_TEMPERATURE, MIN_TEMPERATURE, RAINY_DAYS, ALTITUDE, TERRAIN_TYPE, NEAREST_TOWN) values (74, 'Rocky Mountain National Park', 'Desert Southwest', 'Mediterranean', 12, -6, 21, 1617, 'beach', 'Saddlebrook');
insert into LOCATIONS (LOCATION_ID, LOCATION_NAME, LOCATION_DESCRIPTION, CLIMATE, MAX_TEMPERATURE, MIN_TEMPERATURE, RAINY_DAYS, ALTITUDE, TERRAIN_TYPE, NEAREST_TOWN) values (75, 'Rocky Mountain National Park', 'Connecticut Countryside', 'Humid subtropical', 25, -6, 7, 6286, 'tundra', 'Highland');
insert into LOCATIONS (LOCATION_ID, LOCATION_NAME, LOCATION_DESCRIPTION, CLIMATE, MAX_TEMPERATURE, MIN_TEMPERATURE, RAINY_DAYS, ALTITUDE, TERRAIN_TYPE, NEAREST_TOWN) values (76, 'Grand Teton National Park', 'Idaho Wilderness', 'Tropical rainforest', 26, -9, 5, 4170, 'beach', 'Hickory Grove');
insert into LOCATIONS (LOCATION_ID, LOCATION_NAME, LOCATION_DESCRIPTION, CLIMATE, MAX_TEMPERATURE, MIN_TEMPERATURE, RAINY_DAYS, ALTITUDE, TERRAIN_TYPE, NEAREST_TOWN) values (77, 'Redwood National and State Parks', 'Saskatchewan Prairies', 'Ice cap', 14, -18, 2, 9297, 'mountain', 'Dogwood');
insert into LOCATIONS (LOCATION_ID, LOCATION_NAME, LOCATION_DESCRIPTION, CLIMATE, MAX_TEMPERATURE, MIN_TEMPERATURE, RAINY_DAYS, ALTITUDE, TERRAIN_TYPE, NEAREST_TOWN) values (78, 'Kings Canyon National Park', 'Vermont Countryside', 'Tropical rainforest', 35, 15, 1, 7375, 'swamp', 'Quail Ridge');
insert into LOCATIONS (LOCATION_ID, LOCATION_NAME, LOCATION_DESCRIPTION, CLIMATE, MAX_TEMPERATURE, MIN_TEMPERATURE, RAINY_DAYS, ALTITUDE, TERRAIN_TYPE, NEAREST_TOWN) values (79, 'North Cascades National Park', 'New Mexico Badlands', 'Humid continental', 31, 7, 13, 2606, 'cave', 'Juniper Hills');
insert into LOCATIONS (LOCATION_ID, LOCATION_NAME, LOCATION_DESCRIPTION, CLIMATE, MAX_TEMPERATURE, MIN_TEMPERATURE, RAINY_DAYS, ALTITUDE, TERRAIN_TYPE, NEAREST_TOWN) values (80, 'Big Bend National Park', 'South Carolina Lowcountry', 'Tropical rainforest', 39, -13, 24, 1442, 'swamp', 'Bayside');
insert into LOCATIONS (LOCATION_ID, LOCATION_NAME, LOCATION_DESCRIPTION, CLIMATE, MAX_TEMPERATURE, MIN_TEMPERATURE, RAINY_DAYS, ALTITUDE, TERRAIN_TYPE, NEAREST_TOWN) values (81, 'Wrangell-St. Elias National Park and Preserve', 'Northeastern Woodlands', 'Tundra', 22, -19, 17, 6979, 'desert', 'Southfield');
insert into LOCATIONS (LOCATION_ID, LOCATION_NAME, LOCATION_DESCRIPTION, CLIMATE, MAX_TEMPERATURE, MIN_TEMPERATURE, RAINY_DAYS, ALTITUDE, TERRAIN_TYPE, NEAREST_TOWN) values (82, 'Big Bend National Park', 'Desert Southwest', 'Savanna', 40, 9, 7, 3836, 'forest', 'Garden City');
insert into LOCATIONS (LOCATION_ID, LOCATION_NAME, LOCATION_DESCRIPTION, CLIMATE, MAX_TEMPERATURE, MIN_TEMPERATURE, RAINY_DAYS, ALTITUDE, TERRAIN_TYPE, NEAREST_TOWN) values (83, 'Cuyahoga Valley National Park', 'New England Countryside', 'Desert', 23, 14, 29, 4699, 'mountain', 'Timberland');
insert into LOCATIONS (LOCATION_ID, LOCATION_NAME, LOCATION_DESCRIPTION, CLIMATE, MAX_TEMPERATURE, MIN_TEMPERATURE, RAINY_DAYS, ALTITUDE, TERRAIN_TYPE, NEAREST_TOWN) values (84, 'Zion National Park', 'New Mexico Badlands', 'Marine west coast', 37, -15, 12, 1453, 'tundra', 'Meadowlark');
insert into LOCATIONS (LOCATION_ID, LOCATION_NAME, LOCATION_DESCRIPTION, CLIMATE, MAX_TEMPERATURE, MIN_TEMPERATURE, RAINY_DAYS, ALTITUDE, TERRAIN_TYPE, NEAREST_TOWN) values (85, 'Cuyahoga Valley National Park', 'Oklahoma Prairies', 'Humid subtropical', 36, -16, 30, 7014, 'ocean', 'Island Park');
insert into LOCATIONS (LOCATION_ID, LOCATION_NAME, LOCATION_DESCRIPTION, CLIMATE, MAX_TEMPERATURE, MIN_TEMPERATURE, RAINY_DAYS, ALTITUDE, TERRAIN_TYPE, NEAREST_TOWN) values (86, 'Voyageurs National Park', 'North Dakota Prairies', 'Marine west coast', 13, -5, 14, 2366, 'mountain', 'Yorkshire');
insert into LOCATIONS (LOCATION_ID, LOCATION_NAME, LOCATION_DESCRIPTION, CLIMATE, MAX_TEMPERATURE, MIN_TEMPERATURE, RAINY_DAYS, ALTITUDE, TERRAIN_TYPE, NEAREST_TOWN) values (87, 'Redwood National and State Parks', 'Prince Edward Island Beaches', 'Humid continental', 17, -7, 7, 6768, 'swamp', 'Waterford');
insert into LOCATIONS (LOCATION_ID, LOCATION_NAME, LOCATION_DESCRIPTION, CLIMATE, MAX_TEMPERATURE, MIN_TEMPERATURE, RAINY_DAYS, ALTITUDE, TERRAIN_TYPE, NEAREST_TOWN) values (88, 'Badlands National Park', 'Minnesota Lakes', 'Humid subtropical', 38, -11, 4, 2152, 'tundra', 'Xenia');
insert into LOCATIONS (LOCATION_ID, LOCATION_NAME, LOCATION_DESCRIPTION, CLIMATE, MAX_TEMPERATURE, MIN_TEMPERATURE, RAINY_DAYS, ALTITUDE, TERRAIN_TYPE, NEAREST_TOWN) values (89, 'Yosemite National Park', 'Northeastern Woodlands', 'Humid subtropical', 22, -19, 26, 4463, 'jungle', 'Harborview');
insert into LOCATIONS (LOCATION_ID, LOCATION_NAME, LOCATION_DESCRIPTION, CLIMATE, MAX_TEMPERATURE, MIN_TEMPERATURE, RAINY_DAYS, ALTITUDE, TERRAIN_TYPE, NEAREST_TOWN) values (90, 'Lassen Volcanic National Park', 'Hawaii Volcanoes', 'Ice cap', 38, -11, 20, 6303, 'cave', 'Alpine');
insert into LOCATIONS (LOCATION_ID, LOCATION_NAME, LOCATION_DESCRIPTION, CLIMATE, MAX_TEMPERATURE, MIN_TEMPERATURE, RAINY_DAYS, ALTITUDE, TERRAIN_TYPE, NEAREST_TOWN) values (91, 'Yosemite National Park', 'Texas Hill Country', 'Tundra', 11, -18, 21, 2655, 'beach', 'Glenwood');
insert into LOCATIONS (LOCATION_ID, LOCATION_NAME, LOCATION_DESCRIPTION, CLIMATE, MAX_TEMPERATURE, MIN_TEMPERATURE, RAINY_DAYS, ALTITUDE, TERRAIN_TYPE, NEAREST_TOWN) values (92, 'Yellowstone National Park', 'Wyoming Grasslands', 'Humid subtropical', 10, -17, 9, 9181, 'jungle', 'Prairieville');
insert into LOCATIONS (LOCATION_ID, LOCATION_NAME, LOCATION_DESCRIPTION, CLIMATE, MAX_TEMPERATURE, MIN_TEMPERATURE, RAINY_DAYS, ALTITUDE, TERRAIN_TYPE, NEAREST_TOWN) values (93, 'Grand Teton National Park', 'Wisconsin Northwoods', 'Marine west coast', 21, -8, 19, 4646, 'desert', 'Newport');
insert into LOCATIONS (LOCATION_ID, LOCATION_NAME, LOCATION_DESCRIPTION, CLIMATE, MAX_TEMPERATURE, MIN_TEMPERATURE, RAINY_DAYS, ALTITUDE, TERRAIN_TYPE, NEAREST_TOWN) values (94, 'Hot Springs National Park', 'New Hampshire Mountains', 'Ice cap', 29, 5, 23, 8441, 'beach', 'Hillside');
insert into LOCATIONS (LOCATION_ID, LOCATION_NAME, LOCATION_DESCRIPTION, CLIMATE, MAX_TEMPERATURE, MIN_TEMPERATURE, RAINY_DAYS, ALTITUDE, TERRAIN_TYPE, NEAREST_TOWN) values (95, 'Joshua Tree National Park', 'Utah Canyons', 'Desert', 19, 0, 3, 5668, 'beach', 'Dogwood');
insert into LOCATIONS (LOCATION_ID, LOCATION_NAME, LOCATION_DESCRIPTION, CLIMATE, MAX_TEMPERATURE, MIN_TEMPERATURE, RAINY_DAYS, ALTITUDE, TERRAIN_TYPE, NEAREST_TOWN) values (96, 'Yosemite National Park', 'Wisconsin Northwoods', 'Savanna', 35, -2, 29, 7212, 'ocean', 'Summerfield');
insert into LOCATIONS (LOCATION_ID, LOCATION_NAME, LOCATION_DESCRIPTION, CLIMATE, MAX_TEMPERATURE, MIN_TEMPERATURE, RAINY_DAYS, ALTITUDE, TERRAIN_TYPE, NEAREST_TOWN) values (97, 'Petrified Forest National Park', 'Ohio Amish Country', 'Marine west coast', 32, 18, 14, 6220, 'beach', 'Springfield');
insert into LOCATIONS (LOCATION_ID, LOCATION_NAME, LOCATION_DESCRIPTION, CLIMATE, MAX_TEMPERATURE, MIN_TEMPERATURE, RAINY_DAYS, ALTITUDE, TERRAIN_TYPE, NEAREST_TOWN) values (98, 'Acadia National Park', 'Desert Southwest', 'Humid subtropical', 28, -3, 24, 1826, 'swamp', 'Fairview');
insert into LOCATIONS (LOCATION_ID, LOCATION_NAME, LOCATION_DESCRIPTION, CLIMATE, MAX_TEMPERATURE, MIN_TEMPERATURE, RAINY_DAYS, ALTITUDE, TERRAIN_TYPE, NEAREST_TOWN) values (99, 'Glacier Bay National Park and Preserve', 'Maryland Countryside', 'Humid subtropical', 21, -4, 7, 7314, 'swamp', 'Hillcrest');
insert into LOCATIONS (LOCATION_ID, LOCATION_NAME, LOCATION_DESCRIPTION, CLIMATE, MAX_TEMPERATURE, MIN_TEMPERATURE, RAINY_DAYS, ALTITUDE, TERRAIN_TYPE, NEAREST_TOWN) values (100, 'Kenai Fjords National Park', 'California Wine Country', 'Mediterranean', 21, -14, 14, 8670, 'jungle', 'Southwood');



insert into HUNTS (HUNT_ID, LOCATION_ID, HUNT_NAME, HUNTING_SEASON, ORGANIZER, RULES, DURATION_HOURS, PARTICIPATION_FEE) values (1, 1, 'The Holcombe', 'Bear Season', 'Tallia', 'Stay downwind of the animal to avoid being detected by its sense of smell.', 3, 891.84);
insert into HUNTS (HUNT_ID, LOCATION_ID, HUNT_NAME, HUNTING_SEASON, ORGANIZER, RULES, DURATION_HOURS, PARTICIPATION_FEE) values (2, 2, 'The South Herefordshire (H)', 'Turkey Season', 'Skippie', 'Use natural cover such as trees and bushes to hide yourself from the animal.', 1, 746.78);
insert into HUNTS (HUNT_ID, LOCATION_ID, HUNT_NAME, HUNTING_SEASON, ORGANIZER, RULES, DURATION_HOURS, PARTICIPATION_FEE) values (3, 3, 'The Eglinton', 'Small Game Season', 'Aurel', 'and other purposes.', 5, 222.51);
insert into HUNTS (HUNT_ID, LOCATION_ID, HUNT_NAME, HUNTING_SEASON, ORGANIZER, RULES, DURATION_HOURS, PARTICIPATION_FEE) values (4, 4, 'The York and Ainsty (South)', 'Bear Season', 'Garv', 'Practice shooting and hunting skills regularly to improve accuracy and proficiency.', 15, 527.95);
insert into HUNTS (HUNT_ID, LOCATION_ID, HUNT_NAME, HUNTING_SEASON, ORGANIZER, RULES, DURATION_HOURS, PARTICIPATION_FEE) values (5, 5, 'The Bicester with Whaddon Chase', 'Turkey Season', 'Philipa', 'Practice shooting and hunting skills regularly to improve accuracy and proficiency.', 16, 549.48);
insert into HUNTS (HUNT_ID, LOCATION_ID, HUNT_NAME, HUNTING_SEASON, ORGANIZER, RULES, DURATION_HOURS, PARTICIPATION_FEE) values (6, 6, 'The Dulverton West', 'Bowhunting Season', 'Tanitansy', 'Always follow local hunting regulations and obtain the necessary permits and licenses.', 9, 71.68);
insert into HUNTS (HUNT_ID, LOCATION_ID, HUNT_NAME, HUNTING_SEASON, ORGANIZER, RULES, DURATION_HOURS, PARTICIPATION_FEE) values (7, 7, 'The Percy (South)', 'Elk Season', 'Krystyna', 'Aim for the vital organs to ensure a quick and humane kill.', 4, 892.42);
insert into HUNTS (HUNT_ID, LOCATION_ID, HUNT_NAME, HUNTING_SEASON, ORGANIZER, RULES, DURATION_HOURS, PARTICIPATION_FEE) values (8, 8, 'The South Herefordshire (H)', 'Elk Season', 'Misty', 'Stay downwind of the animal to avoid being detected by its sense of smell.', 13, 683.51);
insert into HUNTS (HUNT_ID, LOCATION_ID, HUNT_NAME, HUNTING_SEASON, ORGANIZER, RULES, DURATION_HOURS, PARTICIPATION_FEE) values (9, 9, 'The Western', 'Elk Season', 'Matty', 'Aim for the vital organs to ensure a quick and humane kill.', 4, 881.93);
insert into HUNTS (HUNT_ID, LOCATION_ID, HUNT_NAME, HUNTING_SEASON, ORGANIZER, RULES, DURATION_HOURS, PARTICIPATION_FEE) values (10, 10, 'The Dartmoor', 'Elk Season', 'Marijo', 'Be patient and wait for the animal to come to you rather than chasing after it.', 14, 410.28);
insert into HUNTS (HUNT_ID, LOCATION_ID, HUNT_NAME, HUNTING_SEASON, ORGANIZER, RULES, DURATION_HOURS, PARTICIPATION_FEE) values (11, 11, 'The East Essex', 'Elk Season', 'Kerry', 'Hunt during the early morning or late evening when animals are most active.', 6, 927.46);
insert into HUNTS (HUNT_ID, LOCATION_ID, HUNT_NAME, HUNTING_SEASON, ORGANIZER, RULES, DURATION_HOURS, PARTICIPATION_FEE) values (12, 12, 'The North Warwickshire', 'Muzzleloader Season', 'Deeann', 'Be patient and wait for the animal to come to you rather than chasing after it.', 10, 993.22);
insert into HUNTS (HUNT_ID, LOCATION_ID, HUNT_NAME, HUNTING_SEASON, ORGANIZER, RULES, DURATION_HOURS, PARTICIPATION_FEE) values (13, 13, 'The Haydon', 'Elk Season', 'Waylen', 'Practice shooting and hunting skills regularly to improve accuracy and proficiency.', 3, 200.45);
insert into HUNTS (HUNT_ID, LOCATION_ID, HUNT_NAME, HUNTING_SEASON, ORGANIZER, RULES, DURATION_HOURS, PARTICIPATION_FEE) values (14, 14, 'The Mid Devon', 'Turkey Season', 'Krystal', 'Aim for the vital organs to ensure a quick and humane kill.', 3, 119.14);
insert into HUNTS (HUNT_ID, LOCATION_ID, HUNT_NAME, HUNTING_SEASON, ORGANIZER, RULES, DURATION_HOURS, PARTICIPATION_FEE) values (15, 15, 'The Old Surrey and Burstow', 'Bear Season', 'Davidson', 'Hunt during the early morning or late evening when animals are most active.', 8, 516.77);
insert into HUNTS (HUNT_ID, LOCATION_ID, HUNT_NAME, HUNTING_SEASON, ORGANIZER, RULES, DURATION_HOURS, PARTICIPATION_FEE) values (16, 16, 'The South Pool', 'Firearms Deer Season', 'Aldridge', 'Practice shooting and hunting skills regularly to improve accuracy and proficiency.', 7, 62.47);
insert into HUNTS (HUNT_ID, LOCATION_ID, HUNT_NAME, HUNTING_SEASON, ORGANIZER, RULES, DURATION_HOURS, PARTICIPATION_FEE) values (17, 17, 'The South Herefordshire', 'Predator Season', 'Pietrek', 'and other purposes.', 23, 271.42);
insert into HUNTS (HUNT_ID, LOCATION_ID, HUNT_NAME, HUNTING_SEASON, ORGANIZER, RULES, DURATION_HOURS, PARTICIPATION_FEE) values (18, 18, 'The Tiverton', 'Elk Season', 'Kerr', 'Use natural cover such as trees and bushes to hide yourself from the animal.', 11, 380.45);
insert into HUNTS (HUNT_ID, LOCATION_ID, HUNT_NAME, HUNTING_SEASON, ORGANIZER, RULES, DURATION_HOURS, PARTICIPATION_FEE) values (19, 19, 'The Farmers Bloodhounds', 'Elk Season', 'Imogen', 'clothing', 6, 592.13);
insert into HUNTS (HUNT_ID, LOCATION_ID, HUNT_NAME, HUNTING_SEASON, ORGANIZER, RULES, DURATION_HOURS, PARTICIPATION_FEE) values (20, 20, 'The North Shropshire', 'Waterfowl Season', 'Babs', 'Aim for the vital organs to ensure a quick and humane kill.', 15, 694.54);
insert into HUNTS (HUNT_ID, LOCATION_ID, HUNT_NAME, HUNTING_SEASON, ORGANIZER, RULES, DURATION_HOURS, PARTICIPATION_FEE) values (21, 21, 'The West Kent', 'Bear Season', 'Anna-maria', 'Use natural cover such as trees and bushes to hide yourself from the animal.', 1, 107.73);
insert into HUNTS (HUNT_ID, LOCATION_ID, HUNT_NAME, HUNTING_SEASON, ORGANIZER, RULES, DURATION_HOURS, PARTICIPATION_FEE) values (22, 22, 'The Ledbury', 'Bear Season', 'Brent', 'Hunt during the early morning or late evening when animals are most active.', 8, 783.42);
insert into HUNTS (HUNT_ID, LOCATION_ID, HUNT_NAME, HUNTING_SEASON, ORGANIZER, RULES, DURATION_HOURS, PARTICIPATION_FEE) values (23, 23, 'The Zetland', 'Muzzleloader Season', 'Steffen', 'and other purposes.', 14, 709.85);
insert into HUNTS (HUNT_ID, LOCATION_ID, HUNT_NAME, HUNTING_SEASON, ORGANIZER, RULES, DURATION_HOURS, PARTICIPATION_FEE) values (24, 24, 'The East Cornwall', 'Elk Season', 'Enid', 'Practice shooting and hunting skills regularly to improve accuracy and proficiency.', 18, 883.59);
insert into HUNTS (HUNT_ID, LOCATION_ID, HUNT_NAME, HUNTING_SEASON, ORGANIZER, RULES, DURATION_HOURS, PARTICIPATION_FEE) values (25, 25, 'The Suffolk', 'Waterfowl Season', 'Adham', 'Always follow local hunting regulations and obtain the necessary permits and licenses.', 10, 342.71);
insert into HUNTS (HUNT_ID, LOCATION_ID, HUNT_NAME, HUNTING_SEASON, ORGANIZER, RULES, DURATION_HOURS, PARTICIPATION_FEE) values (26, 26, 'The Farmers Bloodhounds', 'Moose Season', 'Brandice', 'Respect the animal and use all parts of it for food', 13, 512.53);
insert into HUNTS (HUNT_ID, LOCATION_ID, HUNT_NAME, HUNTING_SEASON, ORGANIZER, RULES, DURATION_HOURS, PARTICIPATION_FEE) values (27, 27, 'The Essex and Suffolk (H)', 'Bear Season', 'Ketti', 'clothing', 24, 93.39);
insert into HUNTS (HUNT_ID, LOCATION_ID, HUNT_NAME, HUNTING_SEASON, ORGANIZER, RULES, DURATION_HOURS, PARTICIPATION_FEE) values (28, 28, 'The West Kent', 'Waterfowl Season', 'Morissa', 'Respect the animal and use all parts of it for food', 15, 373.32);
insert into HUNTS (HUNT_ID, LOCATION_ID, HUNT_NAME, HUNTING_SEASON, ORGANIZER, RULES, DURATION_HOURS, PARTICIPATION_FEE) values (29, 29, 'The South Tetcott', 'Firearms Deer Season', 'Joan', 'and other purposes.', 21, 606.17);
insert into HUNTS (HUNT_ID, LOCATION_ID, HUNT_NAME, HUNTING_SEASON, ORGANIZER, RULES, DURATION_HOURS, PARTICIPATION_FEE) values (30, 30, 'The VWH', 'Turkey Season', 'Leyla', 'Aim for the vital organs to ensure a quick and humane kill.', 1, 600.66);
insert into HUNTS (HUNT_ID, LOCATION_ID, HUNT_NAME, HUNTING_SEASON, ORGANIZER, RULES, DURATION_HOURS, PARTICIPATION_FEE) values (31, 31, 'The West Norfolk', 'Small Game Season', 'Raquel', 'Respect the animal and use all parts of it for food', 9, 440.72);
insert into HUNTS (HUNT_ID, LOCATION_ID, HUNT_NAME, HUNTING_SEASON, ORGANIZER, RULES, DURATION_HOURS, PARTICIPATION_FEE) values (32, 32, 'The Croome and West Warwickshire', 'Bear Season', 'Farrell', 'clothing', 15, 547.46);
insert into HUNTS (HUNT_ID, LOCATION_ID, HUNT_NAME, HUNTING_SEASON, ORGANIZER, RULES, DURATION_HOURS, PARTICIPATION_FEE) values (33, 33, 'The Pendle Forest and Craven', 'Bowhunting Season', 'Bell', 'Respect the animal and use all parts of it for food', 5, 800.73);
insert into HUNTS (HUNT_ID, LOCATION_ID, HUNT_NAME, HUNTING_SEASON, ORGANIZER, RULES, DURATION_HOURS, PARTICIPATION_FEE) values (34, 34, 'The Cleveland', 'Firearms Deer Season', 'Melva', 'Hunt during the early morning or late evening when animals are most active.', 16, 60.09);
insert into HUNTS (HUNT_ID, LOCATION_ID, HUNT_NAME, HUNTING_SEASON, ORGANIZER, RULES, DURATION_HOURS, PARTICIPATION_FEE) values (35, 35, 'The Vine and Craven (H)', 'Elk Season', 'Myriam', 'Use natural cover such as trees and bushes to hide yourself from the animal.', 1, 433.84);
insert into HUNTS (HUNT_ID, LOCATION_ID, HUNT_NAME, HUNTING_SEASON, ORGANIZER, RULES, DURATION_HOURS, PARTICIPATION_FEE) values (36, 36, 'The Old Berks', 'Moose Season', 'Deirdre', 'Aim for the vital organs to ensure a quick and humane kill.', 7, 902.78);
insert into HUNTS (HUNT_ID, LOCATION_ID, HUNT_NAME, HUNTING_SEASON, ORGANIZER, RULES, DURATION_HOURS, PARTICIPATION_FEE) values (37, 37, 'The Portman', 'Small Game Season', 'Tedda', 'Aim for the vital organs to ensure a quick and humane kill.', 16, 78.49);
insert into HUNTS (HUNT_ID, LOCATION_ID, HUNT_NAME, HUNTING_SEASON, ORGANIZER, RULES, DURATION_HOURS, PARTICIPATION_FEE) values (38, 38, 'The Suffolk', 'Turkey Season', 'Helyn', 'Be patient and wait for the animal to come to you rather than chasing after it.', 1, 819.51);
insert into HUNTS (HUNT_ID, LOCATION_ID, HUNT_NAME, HUNTING_SEASON, ORGANIZER, RULES, DURATION_HOURS, PARTICIPATION_FEE) values (39, 39, 'The Duke of Beaufort''s (H)', 'Bowhunting Season', 'Onida', 'Use natural cover such as trees and bushes to hide yourself from the animal.', 8, 835.19);
insert into HUNTS (HUNT_ID, LOCATION_ID, HUNT_NAME, HUNTING_SEASON, ORGANIZER, RULES, DURATION_HOURS, PARTICIPATION_FEE) values (40, 40, 'The Pytchley', 'Predator Season', 'Florette', 'Aim for the vital organs to ensure a quick and humane kill.', 21, 724.51);
insert into HUNTS (HUNT_ID, LOCATION_ID, HUNT_NAME, HUNTING_SEASON, ORGANIZER, RULES, DURATION_HOURS, PARTICIPATION_FEE) values (41, 41, 'The South Herefordshire (H)', 'Bowhunting Season', 'Maxim', 'and other purposes.', 14, 576.99);
insert into HUNTS (HUNT_ID, LOCATION_ID, HUNT_NAME, HUNTING_SEASON, ORGANIZER, RULES, DURATION_HOURS, PARTICIPATION_FEE) values (42, 42, 'The Eglinton', 'Muzzleloader Season', 'Saraann', 'and other purposes.', 24, 881.87);
insert into HUNTS (HUNT_ID, LOCATION_ID, HUNT_NAME, HUNTING_SEASON, ORGANIZER, RULES, DURATION_HOURS, PARTICIPATION_FEE) values (43, 43, 'The Duke of Buccleuch''s', 'Moose Season', 'Vinson', 'Use natural cover such as trees and bushes to hide yourself from the animal.', 1, 766.32);
insert into HUNTS (HUNT_ID, LOCATION_ID, HUNT_NAME, HUNTING_SEASON, ORGANIZER, RULES, DURATION_HOURS, PARTICIPATION_FEE) values (44, 44, 'The East Devon', 'Muzzleloader Season', 'Barrie', 'Respect the animal and use all parts of it for food', 2, 172.78);
insert into HUNTS (HUNT_ID, LOCATION_ID, HUNT_NAME, HUNTING_SEASON, ORGANIZER, RULES, DURATION_HOURS, PARTICIPATION_FEE) values (45, 45, 'The Ashford Valley', 'Small Game Season', 'Massimo', 'Hunt during the early morning or late evening when animals are most active.', 3, 731.17);
insert into HUNTS (HUNT_ID, LOCATION_ID, HUNT_NAME, HUNTING_SEASON, ORGANIZER, RULES, DURATION_HOURS, PARTICIPATION_FEE) values (46, 46, 'The East Devon', 'Bowhunting Season', 'Nobe', 'and other purposes.', 19, 668.55);
insert into HUNTS (HUNT_ID, LOCATION_ID, HUNT_NAME, HUNTING_SEASON, ORGANIZER, RULES, DURATION_HOURS, PARTICIPATION_FEE) values (47, 47, 'The Modbury Harriers', 'Elk Season', 'Ulrica', 'Be patient and wait for the animal to come to you rather than chasing after it.', 7, 236.2);
insert into HUNTS (HUNT_ID, LOCATION_ID, HUNT_NAME, HUNTING_SEASON, ORGANIZER, RULES, DURATION_HOURS, PARTICIPATION_FEE) values (48, 48, 'The North Herefordshire', 'Bear Season', 'Hayden', 'Practice shooting and hunting skills regularly to improve accuracy and proficiency.', 14, 363.99);
insert into HUNTS (HUNT_ID, LOCATION_ID, HUNT_NAME, HUNTING_SEASON, ORGANIZER, RULES, DURATION_HOURS, PARTICIPATION_FEE) values (49, 49, 'The Croome and West Warwickshire', 'Turkey Season', 'Nata', 'clothing', 10, 756.95);
insert into HUNTS (HUNT_ID, LOCATION_ID, HUNT_NAME, HUNTING_SEASON, ORGANIZER, RULES, DURATION_HOURS, PARTICIPATION_FEE) values (50, 50, 'The Meynell and South Staffordshire', 'Waterfowl Season', 'Odie', 'clothing', 19, 261.08);
insert into HUNTS (HUNT_ID, LOCATION_ID, HUNT_NAME, HUNTING_SEASON, ORGANIZER, RULES, DURATION_HOURS, PARTICIPATION_FEE) values (51, 51, 'The Puckeridge', 'Muzzleloader Season', 'Warde', 'Always follow local hunting regulations and obtain the necessary permits and licenses.', 24, 658.28);
insert into HUNTS (HUNT_ID, LOCATION_ID, HUNT_NAME, HUNTING_SEASON, ORGANIZER, RULES, DURATION_HOURS, PARTICIPATION_FEE) values (52, 52, 'The Farmers Bloodhounds', 'Moose Season', 'Ashien', 'Practice shooting and hunting skills regularly to improve accuracy and proficiency.', 15, 552.02);
insert into HUNTS (HUNT_ID, LOCATION_ID, HUNT_NAME, HUNTING_SEASON, ORGANIZER, RULES, DURATION_HOURS, PARTICIPATION_FEE) values (53, 53, 'The Taunton Vale', 'Muzzleloader Season', 'Karl', 'Hunt during the early morning or late evening when animals are most active.', 5, 415.22);
insert into HUNTS (HUNT_ID, LOCATION_ID, HUNT_NAME, HUNTING_SEASON, ORGANIZER, RULES, DURATION_HOURS, PARTICIPATION_FEE) values (54, 54, 'The Old Berks', 'Moose Season', 'Holmes', 'Hunt during the early morning or late evening when animals are most active.', 11, 873.77);
insert into HUNTS (HUNT_ID, LOCATION_ID, HUNT_NAME, HUNTING_SEASON, ORGANIZER, RULES, DURATION_HOURS, PARTICIPATION_FEE) values (55, 55, 'The Wilton', 'Small Game Season', 'Antin', 'Be patient and wait for the animal to come to you rather than chasing after it.', 7, 955.7);
insert into HUNTS (HUNT_ID, LOCATION_ID, HUNT_NAME, HUNTING_SEASON, ORGANIZER, RULES, DURATION_HOURS, PARTICIPATION_FEE) values (56, 56, 'The Old Berks', 'Elk Season', 'Jacquelynn', 'Use natural cover such as trees and bushes to hide yourself from the animal.', 22, 757.45);
insert into HUNTS (HUNT_ID, LOCATION_ID, HUNT_NAME, HUNTING_SEASON, ORGANIZER, RULES, DURATION_HOURS, PARTICIPATION_FEE) values (57, 57, 'The Berwickshire', 'Firearms Deer Season', 'Odie', 'Respect the animal and use all parts of it for food', 12, 60.62);
insert into HUNTS (HUNT_ID, LOCATION_ID, HUNT_NAME, HUNTING_SEASON, ORGANIZER, RULES, DURATION_HOURS, PARTICIPATION_FEE) values (58, 58, 'The North Herefordshire', 'Waterfowl Season', 'Alia', 'clothing', 22, 259.47);
insert into HUNTS (HUNT_ID, LOCATION_ID, HUNT_NAME, HUNTING_SEASON, ORGANIZER, RULES, DURATION_HOURS, PARTICIPATION_FEE) values (59, 59, 'The Mid Devon', 'Bear Season', 'Olympia', 'Respect the animal and use all parts of it for food', 23, 52.44);
insert into HUNTS (HUNT_ID, LOCATION_ID, HUNT_NAME, HUNTING_SEASON, ORGANIZER, RULES, DURATION_HOURS, PARTICIPATION_FEE) values (60, 60, 'The Surrey Union', 'Elk Season', 'Lillian', 'Stay downwind of the animal to avoid being detected by its sense of smell.', 12, 318.92);
insert into HUNTS (HUNT_ID, LOCATION_ID, HUNT_NAME, HUNTING_SEASON, ORGANIZER, RULES, DURATION_HOURS, PARTICIPATION_FEE) values (61, 61, 'The Crawley and Horsham', 'Waterfowl Season', 'Lonnie', 'and other purposes.', 9, 28.51);
insert into HUNTS (HUNT_ID, LOCATION_ID, HUNT_NAME, HUNTING_SEASON, ORGANIZER, RULES, DURATION_HOURS, PARTICIPATION_FEE) values (62, 62, 'The Duke of Beaufort''s (H)', 'Waterfowl Season', 'Shanie', 'Practice shooting and hunting skills regularly to improve accuracy and proficiency.', 10, 467.86);
insert into HUNTS (HUNT_ID, LOCATION_ID, HUNT_NAME, HUNTING_SEASON, ORGANIZER, RULES, DURATION_HOURS, PARTICIPATION_FEE) values (63, 63, 'The United Pack', 'Bowhunting Season', 'Devlin', 'Use natural cover such as trees and bushes to hide yourself from the animal.', 17, 563.53);
insert into HUNTS (HUNT_ID, LOCATION_ID, HUNT_NAME, HUNTING_SEASON, ORGANIZER, RULES, DURATION_HOURS, PARTICIPATION_FEE) values (64, 64, 'The South Staffordshire', 'Bear Season', 'Bennett', 'Respect the animal and use all parts of it for food', 9, 817.95);
insert into HUNTS (HUNT_ID, LOCATION_ID, HUNT_NAME, HUNTING_SEASON, ORGANIZER, RULES, DURATION_HOURS, PARTICIPATION_FEE) values (65, 65, 'The Border', 'Bear Season', 'Gerianne', 'Always follow local hunting regulations and obtain the necessary permits and licenses.', 22, 744.71);
insert into HUNTS (HUNT_ID, LOCATION_ID, HUNT_NAME, HUNTING_SEASON, ORGANIZER, RULES, DURATION_HOURS, PARTICIPATION_FEE) values (66, 66, 'The Dartmoor', 'Elk Season', 'Oates', 'Practice shooting and hunting skills regularly to improve accuracy and proficiency.', 11, 831.17);
insert into HUNTS (HUNT_ID, LOCATION_ID, HUNT_NAME, HUNTING_SEASON, ORGANIZER, RULES, DURATION_HOURS, PARTICIPATION_FEE) values (67, 67, 'The Tiverton', 'Firearms Deer Season', 'Alaine', 'Stay downwind of the animal to avoid being detected by its sense of smell.', 16, 676.61);
insert into HUNTS (HUNT_ID, LOCATION_ID, HUNT_NAME, HUNTING_SEASON, ORGANIZER, RULES, DURATION_HOURS, PARTICIPATION_FEE) values (68, 68, 'The Bedale', 'Firearms Deer Season', 'Ellis', 'clothing', 14, 341.2);
insert into HUNTS (HUNT_ID, LOCATION_ID, HUNT_NAME, HUNTING_SEASON, ORGANIZER, RULES, DURATION_HOURS, PARTICIPATION_FEE) values (69, 69, 'The Hursley Hambledon', 'Predator Season', 'Lilah', 'clothing', 14, 735.61);
insert into HUNTS (HUNT_ID, LOCATION_ID, HUNT_NAME, HUNTING_SEASON, ORGANIZER, RULES, DURATION_HOURS, PARTICIPATION_FEE) values (70, 70, 'The Vine and Craven (H)', 'Bowhunting Season', 'Cesaro', 'Stay downwind of the animal to avoid being detected by its sense of smell.', 19, 875.76);
insert into HUNTS (HUNT_ID, LOCATION_ID, HUNT_NAME, HUNTING_SEASON, ORGANIZER, RULES, DURATION_HOURS, PARTICIPATION_FEE) values (71, 71, 'The Dumfriesshire and Stewartry', 'Muzzleloader Season', 'Stanton', 'Use natural cover such as trees and bushes to hide yourself from the animal.', 3, 481.98);
insert into HUNTS (HUNT_ID, LOCATION_ID, HUNT_NAME, HUNTING_SEASON, ORGANIZER, RULES, DURATION_HOURS, PARTICIPATION_FEE) values (72, 72, 'The North Warwickshire', 'Bowhunting Season', 'Kaylyn', 'clothing', 14, 655.41);
insert into HUNTS (HUNT_ID, LOCATION_ID, HUNT_NAME, HUNTING_SEASON, ORGANIZER, RULES, DURATION_HOURS, PARTICIPATION_FEE) values (73, 73, 'The Farmers Bloodhounds', 'Elk Season', 'Dinah', 'clothing', 3, 552.08);
insert into HUNTS (HUNT_ID, LOCATION_ID, HUNT_NAME, HUNTING_SEASON, ORGANIZER, RULES, DURATION_HOURS, PARTICIPATION_FEE) values (74, 74, 'The Puckeridge', 'Firearms Deer Season', 'Tiphany', 'Stay downwind of the animal to avoid being detected by its sense of smell.', 15, 982.29);
insert into HUNTS (HUNT_ID, LOCATION_ID, HUNT_NAME, HUNTING_SEASON, ORGANIZER, RULES, DURATION_HOURS, PARTICIPATION_FEE) values (75, 75, 'The Duke of Beaufort''s (H)', 'Moose Season', 'Esmaria', 'Always follow local hunting regulations and obtain the necessary permits and licenses.', 23, 71.77);
insert into HUNTS (HUNT_ID, LOCATION_ID, HUNT_NAME, HUNTING_SEASON, ORGANIZER, RULES, DURATION_HOURS, PARTICIPATION_FEE) values (76, 76, 'The Old Surrey and Burstow', 'Bear Season', 'Dewie', 'Respect the animal and use all parts of it for food', 11, 802.4);
insert into HUNTS (HUNT_ID, LOCATION_ID, HUNT_NAME, HUNTING_SEASON, ORGANIZER, RULES, DURATION_HOURS, PARTICIPATION_FEE) values (77, 77, 'The Holderness', 'Small Game Season', 'Emerson', 'Practice shooting and hunting skills regularly to improve accuracy and proficiency.', 15, 8.06);
insert into HUNTS (HUNT_ID, LOCATION_ID, HUNT_NAME, HUNTING_SEASON, ORGANIZER, RULES, DURATION_HOURS, PARTICIPATION_FEE) values (78, 78, 'The Royal Artillery', 'Muzzleloader Season', 'Doralin', 'Aim for the vital organs to ensure a quick and humane kill.', 2, 658.53);
insert into HUNTS (HUNT_ID, LOCATION_ID, HUNT_NAME, HUNTING_SEASON, ORGANIZER, RULES, DURATION_HOURS, PARTICIPATION_FEE) values (79, 79, 'The United Pack', 'Moose Season', 'Gawain', 'Respect the animal and use all parts of it for food', 11, 865.72);
insert into HUNTS (HUNT_ID, LOCATION_ID, HUNT_NAME, HUNTING_SEASON, ORGANIZER, RULES, DURATION_HOURS, PARTICIPATION_FEE) values (80, 80, 'The Lanarkshire and Renfrewshire', 'Waterfowl Season', 'Irma', 'Practice shooting and hunting skills regularly to improve accuracy and proficiency.', 7, 516.94);
insert into HUNTS (HUNT_ID, LOCATION_ID, HUNT_NAME, HUNTING_SEASON, ORGANIZER, RULES, DURATION_HOURS, PARTICIPATION_FEE) values (81, 81, 'The Beaufort', 'Predator Season', 'Darcy', 'Use natural cover such as trees and bushes to hide yourself from the animal.', 20, 155.99);
insert into HUNTS (HUNT_ID, LOCATION_ID, HUNT_NAME, HUNTING_SEASON, ORGANIZER, RULES, DURATION_HOURS, PARTICIPATION_FEE) values (82, 82, 'The Pendle Forest', 'Muzzleloader Season', 'Corbie', 'Aim for the vital organs to ensure a quick and humane kill.', 1, 433.1);
insert into HUNTS (HUNT_ID, LOCATION_ID, HUNT_NAME, HUNTING_SEASON, ORGANIZER, RULES, DURATION_HOURS, PARTICIPATION_FEE) values (83, 83, 'The Wheatland', 'Muzzleloader Season', 'Halley', 'clothing', 3, 170.45);
insert into HUNTS (HUNT_ID, LOCATION_ID, HUNT_NAME, HUNTING_SEASON, ORGANIZER, RULES, DURATION_HOURS, PARTICIPATION_FEE) values (84, 84, 'The Holderness', 'Firearms Deer Season', 'Kimberley', 'Respect the animal and use all parts of it for food', 15, 228.9);
insert into HUNTS (HUNT_ID, LOCATION_ID, HUNT_NAME, HUNTING_SEASON, ORGANIZER, RULES, DURATION_HOURS, PARTICIPATION_FEE) values (85, 85, 'The South Pool', 'Bowhunting Season', 'Celine', 'Hunt during the early morning or late evening when animals are most active.', 7, 416.92);
insert into HUNTS (HUNT_ID, LOCATION_ID, HUNT_NAME, HUNTING_SEASON, ORGANIZER, RULES, DURATION_HOURS, PARTICIPATION_FEE) values (86, 86, 'The Dumfriesshire and Stewartry', 'Predator Season', 'Marchall', 'clothing', 2, 880.68);
insert into HUNTS (HUNT_ID, LOCATION_ID, HUNT_NAME, HUNTING_SEASON, ORGANIZER, RULES, DURATION_HOURS, PARTICIPATION_FEE) values (87, 87, 'The North Norfolk Harriers', 'Predator Season', 'Sunny', 'Always follow local hunting regulations and obtain the necessary permits and licenses.', 19, 363.57);
insert into HUNTS (HUNT_ID, LOCATION_ID, HUNT_NAME, HUNTING_SEASON, ORGANIZER, RULES, DURATION_HOURS, PARTICIPATION_FEE) values (88, 88, 'The Surrey Union', 'Small Game Season', 'Rici', 'clothing', 11, 132.36);
insert into HUNTS (HUNT_ID, LOCATION_ID, HUNT_NAME, HUNTING_SEASON, ORGANIZER, RULES, DURATION_HOURS, PARTICIPATION_FEE) values (89, 89, 'The Wilton', 'Elk Season', 'Lonnie', 'Practice shooting and hunting skills regularly to improve accuracy and proficiency.', 23, 909.27);
insert into HUNTS (HUNT_ID, LOCATION_ID, HUNT_NAME, HUNTING_SEASON, ORGANIZER, RULES, DURATION_HOURS, PARTICIPATION_FEE) values (90, 90, 'The Fitzwilliam (Milton)', 'Small Game Season', 'Kalli', 'Practice shooting and hunting skills regularly to improve accuracy and proficiency.', 11, 541.96);
insert into HUNTS (HUNT_ID, LOCATION_ID, HUNT_NAME, HUNTING_SEASON, ORGANIZER, RULES, DURATION_HOURS, PARTICIPATION_FEE) values (91, 91, 'The Tynedale', 'Waterfowl Season', 'Nathanial', 'Be patient and wait for the animal to come to you rather than chasing after it.', 6, 869.28);
insert into HUNTS (HUNT_ID, LOCATION_ID, HUNT_NAME, HUNTING_SEASON, ORGANIZER, RULES, DURATION_HOURS, PARTICIPATION_FEE) values (92, 92, 'The North Ledbury', 'Firearms Deer Season', 'Norean', 'clothing', 24, 468.09);
insert into HUNTS (HUNT_ID, LOCATION_ID, HUNT_NAME, HUNTING_SEASON, ORGANIZER, RULES, DURATION_HOURS, PARTICIPATION_FEE) values (93, 93, 'The Mid Devon', 'Turkey Season', 'Britni', 'Use natural cover such as trees and bushes to hide yourself from the animal.', 16, 412.73);
insert into HUNTS (HUNT_ID, LOCATION_ID, HUNT_NAME, HUNTING_SEASON, ORGANIZER, RULES, DURATION_HOURS, PARTICIPATION_FEE) values (94, 94, 'The North Warwickshire', 'Waterfowl Season', 'Patience', 'Stay downwind of the animal to avoid being detected by its sense of smell.', 17, 762.17);
insert into HUNTS (HUNT_ID, LOCATION_ID, HUNT_NAME, HUNTING_SEASON, ORGANIZER, RULES, DURATION_HOURS, PARTICIPATION_FEE) values (95, 95, 'The Wilton', 'Firearms Deer Season', 'Milzie', 'and other purposes.', 17, 253.48);
insert into HUNTS (HUNT_ID, LOCATION_ID, HUNT_NAME, HUNTING_SEASON, ORGANIZER, RULES, DURATION_HOURS, PARTICIPATION_FEE) values (96, 96, 'The North Cotswold', 'Bear Season', 'Pearce', 'Aim for the vital organs to ensure a quick and humane kill.', 24, 550.0);
insert into HUNTS (HUNT_ID, LOCATION_ID, HUNT_NAME, HUNTING_SEASON, ORGANIZER, RULES, DURATION_HOURS, PARTICIPATION_FEE) values (97, 97, 'The North Cornwall', 'Waterfowl Season', 'Tedman', 'Be patient and wait for the animal to come to you rather than chasing after it.', 3, 47.55);
insert into HUNTS (HUNT_ID, LOCATION_ID, HUNT_NAME, HUNTING_SEASON, ORGANIZER, RULES, DURATION_HOURS, PARTICIPATION_FEE) values (98, 98, 'The Cleveland', 'Elk Season', 'Ashbey', 'Aim for the vital organs to ensure a quick and humane kill.', 9, 224.02);
insert into HUNTS (HUNT_ID, LOCATION_ID, HUNT_NAME, HUNTING_SEASON, ORGANIZER, RULES, DURATION_HOURS, PARTICIPATION_FEE) values (99, 99, 'The Suffolk', 'Predator Season', 'Skip', 'Always follow local hunting regulations and obtain the necessary permits and licenses.', 10, 435.33);
insert into HUNTS (HUNT_ID, LOCATION_ID, HUNT_NAME, HUNTING_SEASON, ORGANIZER, RULES, DURATION_HOURS, PARTICIPATION_FEE) values (100, 100, 'The Duke of Buccleuch''s', 'Firearms Deer Season', 'Dorian', 'Stay downwind of the animal to avoid being detected by its sense of smell.', 7, 390.41);

-----------------------------------------------------------------------------------------------------------------------------------------------
insert into CATCHES (CATCH_ID, HUNT_ID, HUNTER_ID, CATCH_DATE) values (1, 1, 1, '17-jan-2017');
insert into CATCHES (CATCH_ID, HUNT_ID, HUNTER_ID, CATCH_DATE) values (2, 2, 2, '04-oct-2018');
insert into CATCHES (CATCH_ID, HUNT_ID, HUNTER_ID, CATCH_DATE) values (3, 3, 3, '11-jun-2016');
insert into CATCHES (CATCH_ID, HUNT_ID, HUNTER_ID, CATCH_DATE) values (4, 4, 4, '29-sep-2017');
insert into CATCHES (CATCH_ID, HUNT_ID, HUNTER_ID, CATCH_DATE) values (5, 5, 5, '06-feb-2016');
insert into CATCHES (CATCH_ID, HUNT_ID, HUNTER_ID, CATCH_DATE) values (6, 6, 6, '23-mar-2017');
insert into CATCHES (CATCH_ID, HUNT_ID, HUNTER_ID, CATCH_DATE) values (7, 7, 7, '12-jan-2018');
insert into CATCHES (CATCH_ID, HUNT_ID, HUNTER_ID, CATCH_DATE) values (8, 8, 8, '15-jan-2017');
insert into CATCHES (CATCH_ID, HUNT_ID, HUNTER_ID, CATCH_DATE) values (9, 9, 9, '30-oct-2016');
insert into CATCHES (CATCH_ID, HUNT_ID, HUNTER_ID, CATCH_DATE) values (10, 10, 10, '20-aug-2018');
insert into CATCHES (CATCH_ID, HUNT_ID, HUNTER_ID, CATCH_DATE) values (11, 11, 11, '26-dec-2016');
insert into CATCHES (CATCH_ID, HUNT_ID, HUNTER_ID, CATCH_DATE) values (12, 12, 12, '24-jan-2017');
insert into CATCHES (CATCH_ID, HUNT_ID, HUNTER_ID, CATCH_DATE) values (13, 13, 13, '17-oct-2016');
insert into CATCHES (CATCH_ID, HUNT_ID, HUNTER_ID, CATCH_DATE) values (14, 14, 14, '31-dec-2017');
insert into CATCHES (CATCH_ID, HUNT_ID, HUNTER_ID, CATCH_DATE) values (15, 15, 15, '03-oct-2017');
insert into CATCHES (CATCH_ID, HUNT_ID, HUNTER_ID, CATCH_DATE) values (16, 16, 16, '07-dec-2016');
insert into CATCHES (CATCH_ID, HUNT_ID, HUNTER_ID, CATCH_DATE) values (17, 17, 17, '17-jul-2016');
insert into CATCHES (CATCH_ID, HUNT_ID, HUNTER_ID, CATCH_DATE) values (18, 18, 18, '29-aug-2018');
insert into CATCHES (CATCH_ID, HUNT_ID, HUNTER_ID, CATCH_DATE) values (19, 19, 19, '30-aug-2017');
insert into CATCHES (CATCH_ID, HUNT_ID, HUNTER_ID, CATCH_DATE) values (20, 20, 20, '03-mar-2016');
insert into CATCHES (CATCH_ID, HUNT_ID, HUNTER_ID, CATCH_DATE) values (21, 21, 21, '21-feb-2016');
insert into CATCHES (CATCH_ID, HUNT_ID, HUNTER_ID, CATCH_DATE) values (22, 22, 22, '08-nov-2017');
insert into CATCHES (CATCH_ID, HUNT_ID, HUNTER_ID, CATCH_DATE) values (23, 23, 23, '20-mar-2017');
insert into CATCHES (CATCH_ID, HUNT_ID, HUNTER_ID, CATCH_DATE) values (24, 24, 24, '31-jul-2018');
insert into CATCHES (CATCH_ID, HUNT_ID, HUNTER_ID, CATCH_DATE) values (25, 25, 25, '12-may-2016');
insert into CATCHES (CATCH_ID, HUNT_ID, HUNTER_ID, CATCH_DATE) values (26, 26, 26, '23-may-2018');
insert into CATCHES (CATCH_ID, HUNT_ID, HUNTER_ID, CATCH_DATE) values (27, 27, 27, '07-apr-2016');
insert into CATCHES (CATCH_ID, HUNT_ID, HUNTER_ID, CATCH_DATE) values (28, 28, 28, '09-aug-2018');
insert into CATCHES (CATCH_ID, HUNT_ID, HUNTER_ID, CATCH_DATE) values (29, 29, 29, '23-jul-2017');
insert into CATCHES (CATCH_ID, HUNT_ID, HUNTER_ID, CATCH_DATE) values (30, 30, 30, '17-jan-2016');
insert into CATCHES (CATCH_ID, HUNT_ID, HUNTER_ID, CATCH_DATE) values (31, 31, 31, '04-aug-2016');
insert into CATCHES (CATCH_ID, HUNT_ID, HUNTER_ID, CATCH_DATE) values (32, 32, 32, '09-dec-2016');
insert into CATCHES (CATCH_ID, HUNT_ID, HUNTER_ID, CATCH_DATE) values (33, 33, 33, '22-feb-2018');
insert into CATCHES (CATCH_ID, HUNT_ID, HUNTER_ID, CATCH_DATE) values (34, 34, 34, '10-may-2017');
insert into CATCHES (CATCH_ID, HUNT_ID, HUNTER_ID, CATCH_DATE) values (35, 35, 35, '01-feb-2018');
insert into CATCHES (CATCH_ID, HUNT_ID, HUNTER_ID, CATCH_DATE) values (36, 36, 36, '07-apr-2018');
insert into CATCHES (CATCH_ID, HUNT_ID, HUNTER_ID, CATCH_DATE) values (37, 37, 37, '11-oct-2018');
insert into CATCHES (CATCH_ID, HUNT_ID, HUNTER_ID, CATCH_DATE) values (38, 38, 38, '06-jul-2016');
insert into CATCHES (CATCH_ID, HUNT_ID, HUNTER_ID, CATCH_DATE) values (39, 39, 39, '16-apr-2017');
insert into CATCHES (CATCH_ID, HUNT_ID, HUNTER_ID, CATCH_DATE) values (40, 40, 40, '03-aug-2016');
insert into CATCHES (CATCH_ID, HUNT_ID, HUNTER_ID, CATCH_DATE) values (41, 41, 41, '09-feb-2017');
insert into CATCHES (CATCH_ID, HUNT_ID, HUNTER_ID, CATCH_DATE) values (42, 42, 42, '19-may-2018');
insert into CATCHES (CATCH_ID, HUNT_ID, HUNTER_ID, CATCH_DATE) values (43, 43, 43, '09-dec-2017');
insert into CATCHES (CATCH_ID, HUNT_ID, HUNTER_ID, CATCH_DATE) values (44, 44, 44, '12-may-2017');
insert into CATCHES (CATCH_ID, HUNT_ID, HUNTER_ID, CATCH_DATE) values (45, 45, 45, '17-jun-2017');
insert into CATCHES (CATCH_ID, HUNT_ID, HUNTER_ID, CATCH_DATE) values (46, 46, 46, '25-jun-2018');
insert into CATCHES (CATCH_ID, HUNT_ID, HUNTER_ID, CATCH_DATE) values (47, 47, 47, '20-oct-2016');
insert into CATCHES (CATCH_ID, HUNT_ID, HUNTER_ID, CATCH_DATE) values (48, 48, 48, '24-sep-2018');
insert into CATCHES (CATCH_ID, HUNT_ID, HUNTER_ID, CATCH_DATE) values (49, 49, 49, '25-nov-2016');
insert into CATCHES (CATCH_ID, HUNT_ID, HUNTER_ID, CATCH_DATE) values (50, 50, 50, '01-feb-2018');
insert into CATCHES (CATCH_ID, HUNT_ID, HUNTER_ID, CATCH_DATE) values (51, 51, 51, '19-jun-2017');
insert into CATCHES (CATCH_ID, HUNT_ID, HUNTER_ID, CATCH_DATE) values (52, 52, 52, '15-mar-2016');
insert into CATCHES (CATCH_ID, HUNT_ID, HUNTER_ID, CATCH_DATE) values (53, 53, 53, '10-jul-2017');
insert into CATCHES (CATCH_ID, HUNT_ID, HUNTER_ID, CATCH_DATE) values (54, 54, 54, '16-may-2018');
insert into CATCHES (CATCH_ID, HUNT_ID, HUNTER_ID, CATCH_DATE) values (55, 55, 55, '31-aug-2017');
insert into CATCHES (CATCH_ID, HUNT_ID, HUNTER_ID, CATCH_DATE) values (56, 56, 56, '06-oct-2017');
insert into CATCHES (CATCH_ID, HUNT_ID, HUNTER_ID, CATCH_DATE) values (57, 57, 57, '14-aug-2017');
insert into CATCHES (CATCH_ID, HUNT_ID, HUNTER_ID, CATCH_DATE) values (58, 58, 58, '11-oct-2016');
insert into CATCHES (CATCH_ID, HUNT_ID, HUNTER_ID, CATCH_DATE) values (59, 59, 59, '29-apr-2018');
insert into CATCHES (CATCH_ID, HUNT_ID, HUNTER_ID, CATCH_DATE) values (60, 60, 60, '27-mar-2017');
insert into CATCHES (CATCH_ID, HUNT_ID, HUNTER_ID, CATCH_DATE) values (61, 61, 61, '11-nov-2018');
insert into CATCHES (CATCH_ID, HUNT_ID, HUNTER_ID, CATCH_DATE) values (62, 62, 62, '16-mar-2018');
insert into CATCHES (CATCH_ID, HUNT_ID, HUNTER_ID, CATCH_DATE) values (63, 63, 63, '24-sep-2016');
insert into CATCHES (CATCH_ID, HUNT_ID, HUNTER_ID, CATCH_DATE) values (64, 64, 64, '06-oct-2016');
insert into CATCHES (CATCH_ID, HUNT_ID, HUNTER_ID, CATCH_DATE) values (65, 65, 65, '13-feb-2018');
insert into CATCHES (CATCH_ID, HUNT_ID, HUNTER_ID, CATCH_DATE) values (66, 66, 66, '13-aug-2016');
insert into CATCHES (CATCH_ID, HUNT_ID, HUNTER_ID, CATCH_DATE) values (67, 67, 67, '06-nov-2018');
insert into CATCHES (CATCH_ID, HUNT_ID, HUNTER_ID, CATCH_DATE) values (68, 68, 68, '07-jun-2016');
insert into CATCHES (CATCH_ID, HUNT_ID, HUNTER_ID, CATCH_DATE) values (69, 69, 69, '24-aug-2017');
insert into CATCHES (CATCH_ID, HUNT_ID, HUNTER_ID, CATCH_DATE) values (70, 70, 70, '16-oct-2017');
insert into CATCHES (CATCH_ID, HUNT_ID, HUNTER_ID, CATCH_DATE) values (71, 71, 71, '22-jun-2016');
insert into CATCHES (CATCH_ID, HUNT_ID, HUNTER_ID, CATCH_DATE) values (72, 72, 72, '20-jul-2017');
insert into CATCHES (CATCH_ID, HUNT_ID, HUNTER_ID, CATCH_DATE) values (73, 73, 73, '20-jun-2016');
insert into CATCHES (CATCH_ID, HUNT_ID, HUNTER_ID, CATCH_DATE) values (74, 74, 74, '21-jun-2018');
insert into CATCHES (CATCH_ID, HUNT_ID, HUNTER_ID, CATCH_DATE) values (75, 75, 75, '09-nov-2018');
insert into CATCHES (CATCH_ID, HUNT_ID, HUNTER_ID, CATCH_DATE) values (76, 76, 76, '05-apr-2018');
insert into CATCHES (CATCH_ID, HUNT_ID, HUNTER_ID, CATCH_DATE) values (77, 77, 77, '10-nov-2018');
insert into CATCHES (CATCH_ID, HUNT_ID, HUNTER_ID, CATCH_DATE) values (78, 78, 78, '21-may-2017');
insert into CATCHES (CATCH_ID, HUNT_ID, HUNTER_ID, CATCH_DATE) values (79, 79, 79, '07-dec-2018');
insert into CATCHES (CATCH_ID, HUNT_ID, HUNTER_ID, CATCH_DATE) values (80, 80, 80, '25-apr-2016');
insert into CATCHES (CATCH_ID, HUNT_ID, HUNTER_ID, CATCH_DATE) values (81, 81, 81, '19-apr-2017');
insert into CATCHES (CATCH_ID, HUNT_ID, HUNTER_ID, CATCH_DATE) values (82, 82, 82, '28-feb-2018');
insert into CATCHES (CATCH_ID, HUNT_ID, HUNTER_ID, CATCH_DATE) values (83, 83, 83, '25-apr-2018');
insert into CATCHES (CATCH_ID, HUNT_ID, HUNTER_ID, CATCH_DATE) values (84, 84, 84, '07-jun-2018');
insert into CATCHES (CATCH_ID, HUNT_ID, HUNTER_ID, CATCH_DATE) values (85, 85, 85, '15-may-2016');
insert into CATCHES (CATCH_ID, HUNT_ID, HUNTER_ID, CATCH_DATE) values (86, 86, 86, '13-jun-2017');
insert into CATCHES (CATCH_ID, HUNT_ID, HUNTER_ID, CATCH_DATE) values (87, 87, 87, '13-may-2018');
insert into CATCHES (CATCH_ID, HUNT_ID, HUNTER_ID, CATCH_DATE) values (88, 88, 88, '21-jun-2016');
insert into CATCHES (CATCH_ID, HUNT_ID, HUNTER_ID, CATCH_DATE) values (89, 89, 89, '11-feb-2016');
insert into CATCHES (CATCH_ID, HUNT_ID, HUNTER_ID, CATCH_DATE) values (90, 90, 90, '08-jun-2016');
insert into CATCHES (CATCH_ID, HUNT_ID, HUNTER_ID, CATCH_DATE) values (91, 91, 91, '03-nov-2018');
insert into CATCHES (CATCH_ID, HUNT_ID, HUNTER_ID, CATCH_DATE) values (92, 92, 92, '09-jan-2017');
insert into CATCHES (CATCH_ID, HUNT_ID, HUNTER_ID, CATCH_DATE) values (93, 93, 93, '06-feb-2016');
insert into CATCHES (CATCH_ID, HUNT_ID, HUNTER_ID, CATCH_DATE) values (94, 94, 94, '15-oct-2016');
insert into CATCHES (CATCH_ID, HUNT_ID, HUNTER_ID, CATCH_DATE) values (95, 95, 95, '19-oct-2016');
insert into CATCHES (CATCH_ID, HUNT_ID, HUNTER_ID, CATCH_DATE) values (96, 96, 96, '16-feb-2017');
insert into CATCHES (CATCH_ID, HUNT_ID, HUNTER_ID, CATCH_DATE) values (97, 97, 97, '04-feb-2018');
insert into CATCHES (CATCH_ID, HUNT_ID, HUNTER_ID, CATCH_DATE) values (98, 98, 98, '12-jun-2018');
insert into CATCHES (CATCH_ID, HUNT_ID, HUNTER_ID, CATCH_DATE) values (99, 99, 99, '25-may-2018');
insert into CATCHES (CATCH_ID, HUNT_ID, HUNTER_ID, CATCH_DATE) values (100, 100, 100, '23-nov-2018');




-----------------------------------------------------------------------------------------------------------------------------------------------


insert into ANIMALS (ANIMAL_ID, CATCH_ID , SPECIE_ID, HEALTH_STATUS, AGE, GENDER, COLOR, WEIGHT_KG) values (1, 1 , 1, 9.1, 84, 'Female', 'Goldenrod', 13);
insert into ANIMALS (ANIMAL_ID, CATCH_ID , SPECIE_ID, HEALTH_STATUS, AGE, GENDER, COLOR, WEIGHT_KG) values (2, 2,2, 3.7, 100, 'Female', 'Indigo', 9);
insert into ANIMALS (ANIMAL_ID, CATCH_ID , SPECIE_ID, HEALTH_STATUS, AGE, GENDER, COLOR, WEIGHT_KG) values (3, 3,3, 6.8, 65, 'Female', 'Orange', 4);
insert into ANIMALS (ANIMAL_ID, CATCH_ID , SPECIE_ID, HEALTH_STATUS, AGE, GENDER, COLOR, WEIGHT_KG) values (4, 4,4, 7.3, 79, 'Male', 'Maroon', 29);
insert into ANIMALS (ANIMAL_ID, CATCH_ID , SPECIE_ID, HEALTH_STATUS, AGE, GENDER, COLOR, WEIGHT_KG) values (5, 5,5, 9.3, 44, 'Male', 'Green', 54);
insert into ANIMALS (ANIMAL_ID, CATCH_ID , SPECIE_ID, HEALTH_STATUS, AGE, GENDER, COLOR, WEIGHT_KG) values (6, 6,6, 6.2, 57, 'Female', 'Crimson', 65);
insert into ANIMALS (ANIMAL_ID, CATCH_ID , SPECIE_ID, HEALTH_STATUS, AGE, GENDER, COLOR, WEIGHT_KG) values (7, 7,7, 1.6, 45, 'Male', 'Purple', 39);
insert into ANIMALS (ANIMAL_ID, CATCH_ID , SPECIE_ID, HEALTH_STATUS, AGE, GENDER, COLOR, WEIGHT_KG) values (8, 8,8, 8.8, 92, 'Female', 'Turquoise', 56);
insert into ANIMALS (ANIMAL_ID, CATCH_ID , SPECIE_ID, HEALTH_STATUS, AGE, GENDER, COLOR, WEIGHT_KG) values (9, 9,9, 3.8, 94, 'Male', 'Teal', 31);
insert into ANIMALS (ANIMAL_ID, CATCH_ID , SPECIE_ID, HEALTH_STATUS, AGE, GENDER, COLOR, WEIGHT_KG) values (10, 10, 10, 3.1, 3, 'Female', 'Red', 35);
insert into ANIMALS (ANIMAL_ID, CATCH_ID , SPECIE_ID, HEALTH_STATUS, AGE, GENDER, COLOR, WEIGHT_KG) values (11, 11, 11, 1.0, 21, 'Female', 'Goldenrod', 13);
insert into ANIMALS (ANIMAL_ID, CATCH_ID , SPECIE_ID, HEALTH_STATUS, AGE, GENDER, COLOR, WEIGHT_KG) values (12, 12, 12, 0.4, 11, 'Male', 'Teal', 78);
insert into ANIMALS (ANIMAL_ID, CATCH_ID , SPECIE_ID, HEALTH_STATUS, AGE, GENDER, COLOR, WEIGHT_KG) values (13, 13, 13, 5.6, 7, 'Female', 'Violet', 18);
insert into ANIMALS (ANIMAL_ID, CATCH_ID , SPECIE_ID, HEALTH_STATUS, AGE, GENDER, COLOR, WEIGHT_KG) values (14, 14, 14, 6.5, 68, 'Female', 'Blue', 26);
insert into ANIMALS (ANIMAL_ID, CATCH_ID , SPECIE_ID, HEALTH_STATUS, AGE, GENDER, COLOR, WEIGHT_KG) values (15, 15, 15, 8.4, 51, 'Male', 'Mauv', 53);
insert into ANIMALS (ANIMAL_ID, CATCH_ID , SPECIE_ID, HEALTH_STATUS, AGE, GENDER, COLOR, WEIGHT_KG) values (16, 16, 16, 1.6, 25, 'Female', 'Pink', 82);
insert into ANIMALS (ANIMAL_ID, CATCH_ID , SPECIE_ID, HEALTH_STATUS, AGE, GENDER, COLOR, WEIGHT_KG) values (17, 17, 17, 2.2, 28, 'Male', 'Purple', 24);
insert into ANIMALS (ANIMAL_ID, CATCH_ID , SPECIE_ID, HEALTH_STATUS, AGE, GENDER, COLOR, WEIGHT_KG) values (18, 18, 18, 6.4, 3, 'Female', 'Aquamarine', 55);
insert into ANIMALS (ANIMAL_ID, CATCH_ID , SPECIE_ID, HEALTH_STATUS, AGE, GENDER, COLOR, WEIGHT_KG) values (19, 19, 19, 0.0, 8, 'Female', 'Crimson', 3);
insert into ANIMALS (ANIMAL_ID, CATCH_ID , SPECIE_ID, HEALTH_STATUS, AGE, GENDER, COLOR, WEIGHT_KG) values (20, 20, 20, 4.8, 20, 'Male', 'Puce', 52);
insert into ANIMALS (ANIMAL_ID, CATCH_ID , SPECIE_ID, HEALTH_STATUS, AGE, GENDER, COLOR, WEIGHT_KG) values (21, 21, 21, 2.5, 52, 'Male', 'Puce', 71);
insert into ANIMALS (ANIMAL_ID, CATCH_ID , SPECIE_ID, HEALTH_STATUS, AGE, GENDER, COLOR, WEIGHT_KG) values (22, 22, 22, 6.5, 9, 'Female', 'Purple', 4);
insert into ANIMALS (ANIMAL_ID, CATCH_ID , SPECIE_ID, HEALTH_STATUS, AGE, GENDER, COLOR, WEIGHT_KG) values (23, 23, 23, 5.3, 50, 'Female', 'Khaki', 81);
insert into ANIMALS (ANIMAL_ID, CATCH_ID , SPECIE_ID, HEALTH_STATUS, AGE, GENDER, COLOR, WEIGHT_KG) values (24, 24, 24, 8.1, 34, 'Female', 'Pink', 37);
insert into ANIMALS (ANIMAL_ID, CATCH_ID , SPECIE_ID, HEALTH_STATUS, AGE, GENDER, COLOR, WEIGHT_KG) values (25, 25, 25, 8.5, 32, 'Female', 'Turquoise', 40);
insert into ANIMALS (ANIMAL_ID, CATCH_ID , SPECIE_ID, HEALTH_STATUS, AGE, GENDER, COLOR, WEIGHT_KG) values (26, 26, 26, 8.3, 51, 'Female', 'Mauv', 52);
insert into ANIMALS (ANIMAL_ID, CATCH_ID , SPECIE_ID, HEALTH_STATUS, AGE, GENDER, COLOR, WEIGHT_KG) values (27, 27, 27, 6.8, 54, 'Male', 'Blue', 58);
insert into ANIMALS (ANIMAL_ID, CATCH_ID , SPECIE_ID, HEALTH_STATUS, AGE, GENDER, COLOR, WEIGHT_KG) values (28, 28, 28, 6.8, 38, 'Male', 'Purple', 13);
insert into ANIMALS (ANIMAL_ID, CATCH_ID , SPECIE_ID, HEALTH_STATUS, AGE, GENDER, COLOR, WEIGHT_KG) values (29, 29, 29, 4.6, 23, 'Female', 'Red', 8);
insert into ANIMALS (ANIMAL_ID, CATCH_ID , SPECIE_ID, HEALTH_STATUS, AGE, GENDER, COLOR, WEIGHT_KG) values (30, 30, 30, 9.8, 34, 'Female', 'Red', 11);
insert into ANIMALS (ANIMAL_ID, CATCH_ID , SPECIE_ID, HEALTH_STATUS, AGE, GENDER, COLOR, WEIGHT_KG) values (31, 31, 31, 7.7, 17, 'Female', 'Fuscia', 66);
insert into ANIMALS (ANIMAL_ID, CATCH_ID , SPECIE_ID, HEALTH_STATUS, AGE, GENDER, COLOR, WEIGHT_KG) values (32, 32, 32, 1.1, 29, 'Male', 'Green', 33);
insert into ANIMALS (ANIMAL_ID, CATCH_ID , SPECIE_ID, HEALTH_STATUS, AGE, GENDER, COLOR, WEIGHT_KG) values (33, 33, 33, 8.6, 43, 'Male', 'Orange', 76);
insert into ANIMALS (ANIMAL_ID, CATCH_ID , SPECIE_ID, HEALTH_STATUS, AGE, GENDER, COLOR, WEIGHT_KG) values (34, 34, 34, 3.2, 76, 'Female', 'Aquamarine', 59);
insert into ANIMALS (ANIMAL_ID, CATCH_ID , SPECIE_ID, HEALTH_STATUS, AGE, GENDER, COLOR, WEIGHT_KG) values (35, 35, 35, 7.6, 21, 'Male', 'Mauv', 27);
insert into ANIMALS (ANIMAL_ID, CATCH_ID , SPECIE_ID, HEALTH_STATUS, AGE, GENDER, COLOR, WEIGHT_KG) values (36, 36, 36, 1.1, 54, 'Male', 'Maroon', 59);
insert into ANIMALS (ANIMAL_ID, CATCH_ID , SPECIE_ID, HEALTH_STATUS, AGE, GENDER, COLOR, WEIGHT_KG) values (37, 37, 37, 9.4, 85, 'Male', 'Purple', 34);
insert into ANIMALS (ANIMAL_ID, CATCH_ID , SPECIE_ID, HEALTH_STATUS, AGE, GENDER, COLOR, WEIGHT_KG) values (38, 38, 38, 7.7, 38, 'Male', 'Crimson', 34);
insert into ANIMALS (ANIMAL_ID, CATCH_ID , SPECIE_ID, HEALTH_STATUS, AGE, GENDER, COLOR, WEIGHT_KG) values (39, 39, 39, 2.2, 90, 'Female', 'Yellow', 53);
insert into ANIMALS (ANIMAL_ID, CATCH_ID , SPECIE_ID, HEALTH_STATUS, AGE, GENDER, COLOR, WEIGHT_KG) values (40, 40, 40, 9.9, 96, 'Male', 'Green', 73);
insert into ANIMALS (ANIMAL_ID, CATCH_ID , SPECIE_ID, HEALTH_STATUS, AGE, GENDER, COLOR, WEIGHT_KG) values (41, 41, 41, 0.6, 70, 'Male', 'Purple', 65);
insert into ANIMALS (ANIMAL_ID, CATCH_ID , SPECIE_ID, HEALTH_STATUS, AGE, GENDER, COLOR, WEIGHT_KG) values (42, 42, 42, 1.3, 73, 'Female', 'Purple', 37);
insert into ANIMALS (ANIMAL_ID, CATCH_ID , SPECIE_ID, HEALTH_STATUS, AGE, GENDER, COLOR, WEIGHT_KG) values (43, 43, 43, 3.5, 23, 'Female', 'Red', 94);
insert into ANIMALS (ANIMAL_ID, CATCH_ID , SPECIE_ID, HEALTH_STATUS, AGE, GENDER, COLOR, WEIGHT_KG) values (44, 44, 44, 5.4, 13, 'Male', 'Red', 93);
insert into ANIMALS (ANIMAL_ID, CATCH_ID , SPECIE_ID, HEALTH_STATUS, AGE, GENDER, COLOR, WEIGHT_KG) values (45, 45, 45, 5.2, 62, 'Male', 'Goldenrod', 20);
insert into ANIMALS (ANIMAL_ID, CATCH_ID , SPECIE_ID, HEALTH_STATUS, AGE, GENDER, COLOR, WEIGHT_KG) values (46, 46, 46, 8.6, 45, 'Male', 'Pink', 93);
insert into ANIMALS (ANIMAL_ID, CATCH_ID , SPECIE_ID, HEALTH_STATUS, AGE, GENDER, COLOR, WEIGHT_KG) values (47, 47, 47, 5.9, 70, 'Male', 'Indigo', 7);
insert into ANIMALS (ANIMAL_ID, CATCH_ID , SPECIE_ID, HEALTH_STATUS, AGE, GENDER, COLOR, WEIGHT_KG) values (48, 48, 48, 0.1, 43, 'Male', 'Goldenrod', 81);
insert into ANIMALS (ANIMAL_ID, CATCH_ID , SPECIE_ID, HEALTH_STATUS, AGE, GENDER, COLOR, WEIGHT_KG) values (49, 49, 49, 5.6, 49, 'Male', 'Turquoise', 61);
insert into ANIMALS (ANIMAL_ID, CATCH_ID , SPECIE_ID, HEALTH_STATUS, AGE, GENDER, COLOR, WEIGHT_KG) values (50, 50, 50, 4.8, 20, 'Male', 'Pink', 26);
insert into ANIMALS (ANIMAL_ID, CATCH_ID , SPECIE_ID, HEALTH_STATUS, AGE, GENDER, COLOR, WEIGHT_KG) values (51, 51, 51, 8.6, 23, 'Male', 'Fuscia', 11);
insert into ANIMALS (ANIMAL_ID, CATCH_ID , SPECIE_ID, HEALTH_STATUS, AGE, GENDER, COLOR, WEIGHT_KG) values (52, 52, 52, 6.8, 75, 'Male', 'Indigo', 58);
insert into ANIMALS (ANIMAL_ID, CATCH_ID , SPECIE_ID, HEALTH_STATUS, AGE, GENDER, COLOR, WEIGHT_KG) values (53, 53, 53, 2.5, 97, 'Female', 'Goldenrod', 86);
insert into ANIMALS (ANIMAL_ID, CATCH_ID , SPECIE_ID, HEALTH_STATUS, AGE, GENDER, COLOR, WEIGHT_KG) values (54, 54, 54, 9.4, 79, 'Male', 'Purple', 15);
insert into ANIMALS (ANIMAL_ID, CATCH_ID , SPECIE_ID, HEALTH_STATUS, AGE, GENDER, COLOR, WEIGHT_KG) values (55, 55, 55, 3.6, 91, 'Female', 'Maroon', 45);
insert into ANIMALS (ANIMAL_ID, CATCH_ID , SPECIE_ID, HEALTH_STATUS, AGE, GENDER, COLOR, WEIGHT_KG) values (56, 56, 56, 3.3, 57, 'Female', 'Aquamarine', 24);
insert into ANIMALS (ANIMAL_ID, CATCH_ID , SPECIE_ID, HEALTH_STATUS, AGE, GENDER, COLOR, WEIGHT_KG) values (57, 57, 57, 4.4, 91, 'Female', 'Mauv', 97);
insert into ANIMALS (ANIMAL_ID, CATCH_ID , SPECIE_ID, HEALTH_STATUS, AGE, GENDER, COLOR, WEIGHT_KG) values (58, 58, 58, 6.5, 2, 'Male', 'Turquoise', 15);
insert into ANIMALS (ANIMAL_ID, CATCH_ID , SPECIE_ID, HEALTH_STATUS, AGE, GENDER, COLOR, WEIGHT_KG) values (59, 59, 59, 9.2, 64, 'Female', 'Turquoise', 57);
insert into ANIMALS (ANIMAL_ID, CATCH_ID , SPECIE_ID, HEALTH_STATUS, AGE, GENDER, COLOR, WEIGHT_KG) values (60, 60, 60, 5.8, 15, 'Male', 'Pink', 28);
insert into ANIMALS (ANIMAL_ID, CATCH_ID , SPECIE_ID, HEALTH_STATUS, AGE, GENDER, COLOR, WEIGHT_KG) values (61, 61, 61, 0.9, 47, 'Female', 'Pink', 88);
insert into ANIMALS (ANIMAL_ID, CATCH_ID , SPECIE_ID, HEALTH_STATUS, AGE, GENDER, COLOR, WEIGHT_KG) values (62, 62, 62, 9.5, 15, 'Female', 'Goldenrod', 4);
insert into ANIMALS (ANIMAL_ID, CATCH_ID , SPECIE_ID, HEALTH_STATUS, AGE, GENDER, COLOR, WEIGHT_KG) values (63, 63, 63, 1.4, 24, 'Male', 'Green', 65);
insert into ANIMALS (ANIMAL_ID, CATCH_ID , SPECIE_ID, HEALTH_STATUS, AGE, GENDER, COLOR, WEIGHT_KG) values (64, 64, 64, 4.6, 62, 'Male', 'Indigo', 21);
insert into ANIMALS (ANIMAL_ID, CATCH_ID , SPECIE_ID, HEALTH_STATUS, AGE, GENDER, COLOR, WEIGHT_KG) values (65, 65, 65, 5.8, 38, 'Male', 'Khaki', 34);
insert into ANIMALS (ANIMAL_ID, CATCH_ID , SPECIE_ID, HEALTH_STATUS, AGE, GENDER, COLOR, WEIGHT_KG) values (66, 66, 66, 7.3, 36, 'Male', 'Puce', 72);
insert into ANIMALS (ANIMAL_ID, CATCH_ID , SPECIE_ID, HEALTH_STATUS, AGE, GENDER, COLOR, WEIGHT_KG) values (67, 67, 67, 5.9, 28, 'Female', 'Blue', 7);
insert into ANIMALS (ANIMAL_ID, CATCH_ID , SPECIE_ID, HEALTH_STATUS, AGE, GENDER, COLOR, WEIGHT_KG) values (68, 68, 68, 5.0, 16, 'Female', 'Maroon', 24);
insert into ANIMALS (ANIMAL_ID, CATCH_ID , SPECIE_ID, HEALTH_STATUS, AGE, GENDER, COLOR, WEIGHT_KG) values (69, 69, 69, 4.4, 64, 'Female', 'Puce', 43);
insert into ANIMALS (ANIMAL_ID, CATCH_ID , SPECIE_ID, HEALTH_STATUS, AGE, GENDER, COLOR, WEIGHT_KG) values (70, 70, 70, 7.9, 41, 'Male', 'Khaki', 37);
insert into ANIMALS (ANIMAL_ID, CATCH_ID , SPECIE_ID, HEALTH_STATUS, AGE, GENDER, COLOR, WEIGHT_KG) values (71, 71, 71, 0.3, 92, 'Male', 'Indigo', 17);
insert into ANIMALS (ANIMAL_ID, CATCH_ID , SPECIE_ID, HEALTH_STATUS, AGE, GENDER, COLOR, WEIGHT_KG) values (72, 72, 72, 7.8, 94, 'Female', 'Purple', 73);
insert into ANIMALS (ANIMAL_ID, CATCH_ID , SPECIE_ID, HEALTH_STATUS, AGE, GENDER, COLOR, WEIGHT_KG) values (73, 73, 73, 6.4, 67, 'Male', 'Puce', 87);
insert into ANIMALS (ANIMAL_ID, CATCH_ID , SPECIE_ID, HEALTH_STATUS, AGE, GENDER, COLOR, WEIGHT_KG) values (74, 74, 74, 1.1, 42, 'Male', 'Yellow', 84);
insert into ANIMALS (ANIMAL_ID, CATCH_ID , SPECIE_ID, HEALTH_STATUS, AGE, GENDER, COLOR, WEIGHT_KG) values (75, 75, 75, 8.6, 71, 'Male', 'Turquoise', 72);
insert into ANIMALS (ANIMAL_ID, CATCH_ID , SPECIE_ID, HEALTH_STATUS, AGE, GENDER, COLOR, WEIGHT_KG) values (76, 76, 76, 4.0, 60, 'Female', 'Mauv', 43);
insert into ANIMALS (ANIMAL_ID, CATCH_ID , SPECIE_ID, HEALTH_STATUS, AGE, GENDER, COLOR, WEIGHT_KG) values (77, 77, 77, 8.9, 84, 'Female', 'Red', 36);
insert into ANIMALS (ANIMAL_ID, CATCH_ID , SPECIE_ID, HEALTH_STATUS, AGE, GENDER, COLOR, WEIGHT_KG) values (78, 78, 78, 0.8, 94, 'Male', 'Puce', 77);
insert into ANIMALS (ANIMAL_ID, CATCH_ID , SPECIE_ID, HEALTH_STATUS, AGE, GENDER, COLOR, WEIGHT_KG) values (79, 79, 79, 8.9, 76, 'Female', 'Pink', 99);
insert into ANIMALS (ANIMAL_ID, CATCH_ID , SPECIE_ID, HEALTH_STATUS, AGE, GENDER, COLOR, WEIGHT_KG) values (80, 80, 80, 1.6, 2, 'Female', 'Purple', 26);
insert into ANIMALS (ANIMAL_ID, CATCH_ID , SPECIE_ID, HEALTH_STATUS, AGE, GENDER, COLOR, WEIGHT_KG) values (81, 81, 81, 5.0, 48, 'Male', 'Puce', 45);
insert into ANIMALS (ANIMAL_ID, CATCH_ID , SPECIE_ID, HEALTH_STATUS, AGE, GENDER, COLOR, WEIGHT_KG) values (82, 82, 82, 3.2, 41, 'Female', 'Mauv', 98);
insert into ANIMALS (ANIMAL_ID, CATCH_ID , SPECIE_ID, HEALTH_STATUS, AGE, GENDER, COLOR, WEIGHT_KG) values (83, 83, 83, 5.4, 14, 'Female', 'Blue', 70);
insert into ANIMALS (ANIMAL_ID, CATCH_ID , SPECIE_ID, HEALTH_STATUS, AGE, GENDER, COLOR, WEIGHT_KG) values (84, 84, 84, 7.0, 28, 'Female', 'Red', 89);
insert into ANIMALS (ANIMAL_ID, CATCH_ID , SPECIE_ID, HEALTH_STATUS, AGE, GENDER, COLOR, WEIGHT_KG) values (85, 85, 85, 9.7, 26, 'Female', 'Crimson', 59);
insert into ANIMALS (ANIMAL_ID, CATCH_ID , SPECIE_ID, HEALTH_STATUS, AGE, GENDER, COLOR, WEIGHT_KG) values (86, 86, 86, 1.2, 16, 'Male', 'Green', 61);
insert into ANIMALS (ANIMAL_ID, CATCH_ID , SPECIE_ID, HEALTH_STATUS, AGE, GENDER, COLOR, WEIGHT_KG) values (87, 87, 87, 9.5, 45, 'Male', 'Aquamarine', 2);
insert into ANIMALS (ANIMAL_ID, CATCH_ID , SPECIE_ID, HEALTH_STATUS, AGE, GENDER, COLOR, WEIGHT_KG) values (88, 88, 88, 3.8, 41, 'Female', 'Orange', 23);
insert into ANIMALS (ANIMAL_ID, CATCH_ID , SPECIE_ID, HEALTH_STATUS, AGE, GENDER, COLOR, WEIGHT_KG) values (89, 89, 89, 5.5, 72, 'Female', 'Teal', 32);
insert into ANIMALS (ANIMAL_ID, CATCH_ID , SPECIE_ID, HEALTH_STATUS, AGE, GENDER, COLOR, WEIGHT_KG) values (90, 90, 90, 5.8, 79, 'Female', 'Fuscia', 86);
insert into ANIMALS (ANIMAL_ID, CATCH_ID , SPECIE_ID, HEALTH_STATUS, AGE, GENDER, COLOR, WEIGHT_KG) values (91, 91, 91, 1.5, 16, 'Female', 'Khaki', 79);
insert into ANIMALS (ANIMAL_ID, CATCH_ID , SPECIE_ID, HEALTH_STATUS, AGE, GENDER, COLOR, WEIGHT_KG) values (92, 92, 92, 6.9, 79, 'Female', 'Fuscia', 15);
insert into ANIMALS (ANIMAL_ID, CATCH_ID , SPECIE_ID, HEALTH_STATUS, AGE, GENDER, COLOR, WEIGHT_KG) values (93, 93, 93, 2.0, 10, 'Female', 'Maroon', 46);
insert into ANIMALS (ANIMAL_ID, CATCH_ID , SPECIE_ID, HEALTH_STATUS, AGE, GENDER, COLOR, WEIGHT_KG) values (94, 94, 94, 6.1, 72, 'Male', 'Orange', 34);
insert into ANIMALS (ANIMAL_ID, CATCH_ID , SPECIE_ID, HEALTH_STATUS, AGE, GENDER, COLOR, WEIGHT_KG) values (95, 95, 95, 2.6, 32, 'Male', 'Violet', 49);
insert into ANIMALS (ANIMAL_ID, CATCH_ID , SPECIE_ID, HEALTH_STATUS, AGE, GENDER, COLOR, WEIGHT_KG) values (96, 96, 96, 7.5, 91, 'Female', 'Blue', 46);
insert into ANIMALS (ANIMAL_ID, CATCH_ID , SPECIE_ID, HEALTH_STATUS, AGE, GENDER, COLOR, WEIGHT_KG) values (97, 97, 97, 0.8, 74, 'Female', 'Puce', 89);
insert into ANIMALS (ANIMAL_ID, CATCH_ID , SPECIE_ID, HEALTH_STATUS, AGE, GENDER, COLOR, WEIGHT_KG) values (98, 98, 98, 8.0, 96, 'Male', 'Red', 2);
insert into ANIMALS (ANIMAL_ID, CATCH_ID , SPECIE_ID, HEALTH_STATUS, AGE, GENDER, COLOR, WEIGHT_KG) values (99, 99, 99, 3.2, 37, 'Male', 'Turquoise', 46);
insert into ANIMALS (ANIMAL_ID,CATCH_ID , SPECIE_ID, HEALTH_STATUS, AGE, GENDER, COLOR, WEIGHT_KG) values (100, 100, 100, 2.3, 97, 'Male', 'Red', 10);